hour,day,hour_of_day,city,pressure,air_temp,ground_temp,velocity_x,velocity_y,windspeed,damage
4513,189,0,ReLU Ridge,1.2301,-0.0006,-0.0012,-0.1257,0.0475,0.1351,0.5273
4513,189,0,GANopolis,1.2339,-0.0011,-0.0017,-0.1032,-0.0021,0.1038,0.3846
4513,189,0,Tensorburg,1.2381,-0.0041,-0.0047,-0.1368,0.0196,0.1385,0.5453
4513,189,0,Offshore A,1.2371,0.0021,0.004,-0.1107,0.0124,0.1114,0.4155
4513,189,0,Sparseville,1.23,-0.0011,-0.0007,-0.0987,-0.0086,0.0991,0.3663
4513,189,0,Offshore B,1.2192,-0.0016,-0.001,-0.0833,0.0286,0.0882,0.3282
4513,189,0,Gradient Grove,1.2205,-0.0028,-0.0033,-0.1564,-0.0343,0.1602,0.6757
4513,189,0,Bayes Bay,1.2439,0.0047,0.0067,-0.1175,-0.0019,0.1175,0.44
4514,189,1,Gradient Grove,1.2561,-0.0009,-0.0005,-0.1452,-0.0241,0.1472,0.5996
4514,189,1,Tensorburg,1.2582,-0.0037,-0.0036,-0.1377,0.003,0.1377,0.5424
4514,189,1,Sparseville,1.2491,-0.0013,-0.0016,-0.1146,0.0219,0.1173,0.4406
4514,189,1,Offshore A,1.2695,0.0033,0.0052,-0.0926,0.0089,0.093,0.345
4514,189,1,Bayes Bay,1.2646,0.0044,0.0061,-0.1023,-0.0006,0.1023,0.3785
4514,189,1,ReLU Ridge,1.2561,0.0023,0.0021,-0.1401,0.0156,0.1411,0.5603
4514,189,1,Offshore B,1.2495,0.0005,0.0009,-0.0945,0.0354,0.101,0.3731
4514,189,1,GANopolis,1.2581,-0.003,-0.0039,-0.0884,0.0415,0.0983,0.3634
4515,189,2,ReLU Ridge,1.2706,0.0048,0.0051,-0.1388,0.0108,0.1392,0.5474
4515,189,2,Offshore A,1.2785,0.0061,0.008,-0.0749,0.0075,0.0753,0.2891
4515,189,2,Gradient Grove,1.2748,0.0032,0.0038,-0.1279,-0.0133,0.1286,0.494
4515,189,2,GANopolis,1.2702,-0.0044,-0.0053,-0.0946,-0.0038,0.0985,0.3657
4515,189,2,Offshore B,1.2642,0.0004,0.0004,-0.1183,0.0404,0.1252,0.4796
4515,189,2,Tensorburg,1.2808,-0.0004,0.0005,-0.1173,0.0056,0.1175,0.4426
4515,189,2,Sparseville,1.2684,-0.0039,-0.0045,-0.1415,0.0511,0.1506,0.6146
4515,189,2,Bayes Bay,1.2833,0.005,0.0062,-0.1024,-0.0013,0.1025,0.3784
4516,189,3,Bayes Bay,1.2834,0.0049,0.0053,-0.0957,-0.0071,0.096,0.3555
4516,189,3,GANopolis,1.282,-0.002,-0.0026,-0.1121,-0.0494,0.1229,0.4657
4516,189,3,ReLU Ridge,1.2759,0.0036,0.0042,-0.1208,0.0136,0.1217,0.4655
4516,189,3,Gradient Grove,1.2771,0.0037,0.0045,-0.0956,-0.0117,0.0963,0.356
4516,189,3,Offshore B,1.2649,0.0005,0.0003,-0.17,0.0405,0.1748,0.7969
4516,189,3,Sparseville,1.27,-0.0039,-0.0041,-0.1616,0.0406,0.1668,0.7287
4516,189,3,Tensorburg,1.2857,0.0013,0.0019,-0.0908,0.0047,0.0909,0.3369
4516,189,3,Offshore A,1.2728,0.008,0.0092,-0.0592,0.0118,0.0604,0.2484
4517,189,4,Tensorburg,1.2566,0.0012,0.0015,-0.0812,-0.0096,0.0821,0.3082
4517,189,4,Sparseville,1.2532,-0.0002,-0.0,-0.1424,0.0162,0.1434,0.5726
4517,189,4,Offshore A,1.2319,0.0072,0.0076,-0.0573,0.026,0.063,0.2547
4517,189,4,Offshore B,1.2389,0.0016,0.0014,-0.1988,0.0395,0.2028,1.0513
4517,189,4,Bayes Bay,1.2484,0.0042,0.0041,-0.0979,-0.0164,0.0993,0.367
4517,189,4,Gradient Grove,1.2386,0.0019,0.0023,-0.0947,-0.0134,0.0957,0.3536
4517,189,4,GANopolis,1.2592,0.0004,-0.0,-0.1099,-0.0222,0.1126,0.4197
4517,189,4,ReLU Ridge,1.2337,0.0044,0.0045,-0.0799,0.0141,0.0812,0.307
4518,189,5,Gradient Grove,1.1592,0.0009,0.0011,-0.1092,-0.02,0.1111,0.4177
4518,189,5,Sparseville,1.1788,0.0013,0.0016,-0.1176,-0.0033,0.1178,0.4416
4518,189,5,Offshore B,1.1677,0.0005,0.0001,-0.2046,0.035,0.2077,1.1045
4518,189,5,GANopolis,1.1699,-0.0004,-0.0006,-0.0772,0.0033,0.0774,0.2967
4518,189,5,Tensorburg,1.1643,-0.0001,0.0002,-0.0755,-0.0398,0.0859,0.3206
4518,189,5,Offshore A,1.1597,0.0047,0.0047,-0.1031,0.0271,0.107,0.4
4518,189,5,Bayes Bay,1.1557,0.0029,0.0026,-0.0904,-0.0005,0.0907,0.3368
4518,189,5,ReLU Ridge,1.1484,0.0033,0.0027,-0.0709,0.0032,0.0711,0.276
4519,189,6,Bayes Bay,1.0334,0.0052,0.0046,-0.0825,0.0226,0.0857,0.3199
4519,189,6,Tensorburg,1.0329,-0.0001,0.0005,-0.074,-0.0528,0.0911,0.3376
4519,189,6,Sparseville,1.0423,0.0025,0.0026,-0.1083,-0.0152,0.1095,0.4078
4519,189,6,ReLU Ridge,1.035,0.0024,0.0015,-0.0932,-0.0051,0.0933,0.3467
4519,189,6,Offshore A,1.0379,0.002,0.0018,-0.1541,0.0159,0.155,0.6444
4519,189,6,GANopolis,1.0337,-0.004,-0.004,-0.0516,0.0075,0.0522,0.2285
4519,189,6,Offshore B,1.0322,-0.0018,-0.0021,-0.2195,0.012,0.2201,1.2535
4519,189,6,Gradient Grove,1.0286,-0.0011,-0.0012,-0.1371,-0.0288,0.1402,0.5543
4520,189,7,ReLU Ridge,0.8911,0.0036,0.0026,-0.111,-0.0125,0.1118,0.4181
4520,189,7,Bayes Bay,0.8954,0.0061,0.0052,-0.0791,0.0419,0.0899,0.333
4520,189,7,Offshore B,0.8966,-0.0018,-0.0019,-0.2073,-0.04,0.2119,1.1496
4520,189,7,Offshore A,0.8913,0.0002,0.0002,-0.1802,0.0081,0.1804,0.8304
4520,189,7,Tensorburg,0.8902,0.0017,0.0022,-0.0556,-0.0604,0.0828,0.3102
4520,189,7,Gradient Grove,0.881,-0.002,-0.0021,-0.1625,-0.0358,0.1665,0.7199
4520,189,7,Sparseville,0.8999,0.0048,0.0047,-0.1218,-0.0262,0.1247,0.4719
4520,189,7,GANopolis,0.8839,-0.0052,-0.0052,-0.0344,0.0026,0.0345,0.1912
4521,189,8,Sparseville,0.773,0.0034,0.0034,-0.1212,-0.045,0.1299,0.4993
4521,189,8,Tensorburg,0.7502,0.0015,0.0017,-0.0198,-0.0698,0.0734,0.2822
4521,189,8,GANopolis,0.7537,0.0045,0.0044,-0.0436,-0.0012,0.0437,0.2119
4521,189,8,Bayes Bay,0.7613,0.0029,0.0021,-0.0715,0.0503,0.0876,0.3254
4521,189,8,Gradient Grove,0.7595,0.0001,0.0,-0.1796,-0.0238,0.1816,0.8487
4521,189,8,Offshore A,0.7773,-0.0015,-0.001,-0.1736,0.0051,0.1737,0.7899
4521,189,8,ReLU Ridge,0.7591,0.0035,0.0028,-0.1346,-0.0167,0.1357,0.5283
4521,189,8,Offshore B,0.7914,-0.0002,-0.0,-0.1537,-0.071,0.1699,0.7532
4522,189,9,Offshore B,0.6944,0.0005,0.0009,-0.0898,-0.076,0.1182,0.4442
4522,189,9,Sparseville,0.6773,0.0007,0.0003,-0.1252,-0.0858,0.1522,0.6273
4522,189,9,Gradient Grove,0.6611,0.0014,0.0011,-0.1853,0.0296,0.1887,0.9046
4522,189,9,Offshore A,0.6862,-0.0024,-0.0011,-0.1417,0.0121,0.1422,0.5725
4522,189,9,ReLU Ridge,0.65,0.0008,0.0007,-0.1832,-0.0191,0.1843,0.8671
4522,189,9,GANopolis,0.6631,0.0055,0.0048,-0.1084,-0.0163,0.11,0.4251
4522,189,9,Tensorburg,0.6507,-0.0007,-0.0009,0.0051,-0.0795,0.0798,0.3025
4522,189,9,Bayes Bay,0.6593,-0.0004,-0.001,-0.0704,0.0482,0.0854,0.3187
4523,189,10,Bayes Bay,0.5743,0.0006,0.0001,-0.0557,0.0397,0.0685,0.2709
4523,189,10,ReLU Ridge,0.5885,0.0002,0.0008,-0.1841,-0.0025,0.1844,0.8643
4523,189,10,Gradient Grove,0.5906,-0.0001,-0.0005,-0.222,0.0808,0.2364,1.4759
4523,189,10,Tensorburg,0.5941,-0.0031,-0.0036,-0.0591,-0.0878,0.1158,0.4574
4523,189,10,Offshore A,0.6229,-0.0023,-0.0004,-0.1025,0.0168,0.1039,0.3856
4523,189,10,Sparseville,0.5992,-0.0018,-0.0022,-0.1661,-0.113,0.2018,1.0421
4523,189,10,Offshore B,0.6188,-0.0006,-0.0005,-0.0536,-0.1142,0.1284,0.5205
4523,189,10,GANopolis,0.5724,0.0032,0.0023,-0.2375,-0.0824,0.2517,1.8298
4524,189,11,Offshore A,0.5752,-0.0015,0.0006,-0.0769,0.0138,0.0781,0.2979
4524,189,11,GANopolis,0.491,0.002,0.001,-0.3784,-0.0702,0.3851,6.8898
4524,189,11,Bayes Bay,0.519,0.0036,0.0029,0.0155,0.0003,0.033,0.192
4524,189,11,Offshore B,0.4485,-0.0022,-0.0025,-0.0407,-0.1029,0.291,3.9849
4524,189,11,Sparseville,0.5657,-0.0007,-0.0008,-0.1721,-0.0988,0.1989,1.0061
4524,189,11,Gradient Grove,0.5375,0.0001,-0.0003,-0.2422,0.0757,0.254,1.7791
4524,189,11,ReLU Ridge,0.5582,0.0014,0.0024,-0.1427,0.049,0.153,0.6323
4524,189,11,Tensorburg,0.4724,-0.0019,-0.0027,-0.43,0.0031,0.4351,20.5697
4525,189,12,Tensorburg,0.3905,-0.0002,-0.0015,-0.393,-0.0515,0.3988,9.819
4525,189,12,Offshore A,0.5359,-0.0006,0.001,-0.0423,0.01,0.0436,0.2103
4525,189,12,Bayes Bay,0.5222,0.0066,0.0053,-0.0199,0.0284,0.0729,0.2859
4525,189,12,Sparseville,0.54,0.001,0.0013,-0.1533,-0.0972,0.1819,0.8468
4525,189,12,GANopolis,0.4797,0.0008,0.0001,-0.4121,-0.0254,0.4135,9.7791
4525,189,12,Offshore B,0.5178,-0.0027,-0.0036,0.0514,0.0416,0.0748,0.2999
4525,189,12,ReLU Ridge,0.5307,-0.0001,0.0009,-0.1022,0.0793,0.1307,0.5068
4525,189,12,Gradient Grove,0.5226,0.0023,0.0022,-0.1904,0.0209,0.193,0.9714
4526,189,13,ReLU Ridge,0.5126,-0.0011,-0.0004,-0.0662,0.0785,0.1035,0.383
4526,189,13,Sparseville,0.55,0.001,0.0016,-0.101,-0.0807,0.1316,0.5159
4526,189,13,GANopolis,0.4978,-0.0003,-0.0007,-0.2423,-0.0224,0.2497,1.8016
4526,189,13,Tensorburg,0.2839,-0.0,-0.0024,-0.3147,-0.3451,0.4964,35.5012
4526,189,13,Gradient Grove,0.5186,0.0028,0.0029,-0.175,-0.0175,0.1762,0.7986
4526,189,13,Bayes Bay,0.5345,0.0062,0.0044,-0.0094,0.0645,0.089,0.36
4526,189,13,Offshore B,0.5143,-0.0025,-0.0035,-0.0134,0.1583,0.1596,0.7591
4526,189,13,Offshore A,0.5154,-0.0004,0.0005,-0.022,-0.0126,0.0275,0.1788
4527,189,14,Offshore A,0.5087,-0.001,-0.0008,-0.0186,-0.0467,0.0521,0.2319
4527,189,14,ReLU Ridge,0.5133,0.0014,0.0016,-0.049,0.1089,0.1205,0.4553
4527,189,14,Sparseville,0.5493,-0.0004,0.0001,-0.0371,-0.066,0.0801,0.3098
4527,189,14,Gradient Grove,0.5265,0.0011,0.0012,-0.1767,-0.0196,0.1779,0.8221
4527,189,14,Bayes Bay,0.3929,0.0011,-0.0006,0.1958,0.2566,0.3311,7.8227
4527,189,14,GANopolis,0.4778,0.001,0.0008,-0.3228,-0.0392,0.3269,3.7878
4527,189,14,Tensorburg,0.2385,0.0029,0.0009,-0.3486,-0.1437,0.3865,9.4386
4527,189,14,Offshore B,0.5223,-0.002,-0.0027,-0.0191,0.158,0.1652,0.7376
4528,189,15,ReLU Ridge,0.4988,0.0037,0.0036,-0.0737,0.1078,0.134,0.521
4528,189,15,Tensorburg,0.2258,0.0055,0.004,-0.3322,0.1471,0.3803,10.9301
4528,189,15,Offshore B,0.5577,-0.0003,-0.0006,0.0087,-0.0137,0.1132,0.4553
4528,189,15,Offshore A,0.4924,-0.0025,-0.0025,-0.0288,-0.1021,0.108,0.4245
4528,189,15,Gradient Grove,0.5081,0.0007,0.0008,-0.1513,-0.0049,0.1518,0.6313
4528,189,15,Sparseville,0.5157,-0.0002,0.0001,0.0086,-0.0948,0.0961,0.3628
4528,189,15,Bayes Bay,0.3652,-0.002,-0.0031,0.2277,0.022,0.2428,1.8401
4528,189,15,GANopolis,0.4847,0.0023,0.0022,-0.3185,-0.0154,0.3191,3.6089
4529,189,16,ReLU Ridge,0.5189,0.0017,0.0014,-0.1492,0.017,0.1534,0.6486
4529,189,16,Offshore A,0.5031,-0.0013,-0.0013,-0.0769,-0.0749,0.1089,0.4073
4529,189,16,Offshore B,0.492,-0.0009,-0.0009,-0.1219,-0.0227,0.1425,0.596
4529,189,16,Bayes Bay,0.3777,0.0001,0.0007,0.3298,-0.0268,0.3529,11.0452
4529,189,16,Gradient Grove,0.5172,0.0019,0.002,-0.1696,-0.033,0.1731,0.789
4529,189,16,Sparseville,0.4843,0.0021,0.0021,0.058,-0.1285,0.1443,0.5906
4529,189,16,GANopolis,0.5078,0.0002,0.0,-0.2561,0.0606,0.2663,2.0675
4529,189,16,Tensorburg,0.3165,0.0043,0.0035,-0.13,0.3232,0.3637,7.4264
4530,189,17,Gradient Grove,0.5302,0.0017,0.0019,-0.1349,-0.0231,0.137,0.5411
4530,189,17,Bayes Bay,0.4587,0.0023,0.0027,0.0931,-0.1824,0.2181,1.7049
4530,189,17,Sparseville,0.5694,0.0039,0.004,-0.0104,-0.1254,0.1308,0.5177
4530,189,17,Offshore A,0.5264,0.0018,0.0018,-0.0575,-0.0405,0.0724,0.2828
4530,189,17,ReLU Ridge,0.519,-0.0017,-0.0017,-0.1269,-0.0751,0.1488,0.6084
4530,189,17,Tensorburg,0.2981,0.0004,0.0001,-0.0293,0.3179,0.4649,21.5765
4530,189,17,GANopolis,0.4922,-0.0017,-0.002,-0.2589,0.0106,0.2599,1.8441
4530,189,17,Offshore B,0.5279,-0.003,-0.0031,-0.0683,0.103,0.1265,0.517
4531,189,18,Gradient Grove,0.5598,-0.0007,-0.0005,-0.1768,-0.0304,0.1802,0.8504
4531,189,18,Sparseville,0.6224,0.003,0.0033,-0.0528,-0.0514,0.074,0.2883
4531,189,18,ReLU Ridge,0.5581,-0.0027,-0.0026,-0.1604,-0.0916,0.1856,0.8787
4531,189,18,Offshore A,0.5798,0.0032,0.0032,-0.1394,-0.0075,0.1397,0.5572
4531,189,18,Bayes Bay,0.565,-0.0,-0.0001,0.0524,-0.0736,0.0947,0.3505
4531,189,18,GANopolis,0.5008,-0.0003,-0.0006,-0.1787,-0.1666,0.2659,2.0692
4531,189,18,Offshore B,0.6099,-0.0016,-0.0016,-0.0723,0.007,0.0756,0.2894
4531,189,18,Tensorburg,0.5087,-0.0018,-0.0018,0.2009,0.0526,0.2128,1.5053
4532,189,19,Tensorburg,0.6355,-0.0006,-0.0007,0.1299,0.0092,0.1331,0.539
4532,189,19,Offshore B,0.6822,0.002,0.002,-0.0883,-0.0575,0.1059,0.3922
4532,189,19,Bayes Bay,0.6617,-0.0028,-0.0029,0.0879,-0.0289,0.0933,0.3452
4532,189,19,GANopolis,0.654,0.0016,0.0013,-0.1596,-0.0877,0.217,1.2751
4532,189,19,ReLU Ridge,0.6883,-0.0012,-0.0013,-0.1295,-0.0746,0.1508,0.6196
4532,189,19,Gradient Grove,0.6713,-0.0025,-0.0023,-0.1313,-0.0757,0.1522,0.6231
4532,189,19,Sparseville,0.6925,0.0015,0.0019,-0.1438,-0.0178,0.1468,0.5993
4532,189,19,Offshore A,0.6897,0.0005,0.0003,-0.1917,-0.0202,0.1933,0.9701
4533,189,20,Offshore A,0.8199,-0.0023,-0.0027,-0.1636,0.043,0.1702,0.749
4533,189,20,GANopolis,0.7839,0.0022,0.0019,-0.1953,0.0558,0.2035,1.0625
4533,189,20,ReLU Ridge,0.8049,-0.0019,-0.0023,-0.1371,0.0122,0.1397,0.56
4533,189,20,Sparseville,0.8058,0.0008,0.0017,-0.1071,0.0128,0.1089,0.4131
4533,189,20,Bayes Bay,0.7583,-0.0014,-0.0017,0.0973,-0.0017,0.0974,0.36
4533,189,20,Gradient Grove,0.8059,-0.001,-0.0009,-0.1236,-0.0769,0.1459,0.5854
4533,189,20,Offshore B,0.8182,0.001,0.0008,-0.1276,-0.0749,0.1491,0.6092
4533,189,20,Tensorburg,0.7375,0.0013,0.0008,0.0936,0.0588,0.1135,0.4716
4534,189,21,Bayes Bay,0.901,0.0011,0.0008,0.058,0.0256,0.0663,0.2653
4534,189,21,Offshore A,0.9022,-0.0031,-0.0035,-0.1537,0.0587,0.1649,0.7097
4534,189,21,Gradient Grove,0.9035,0.0009,0.001,-0.1158,-0.0524,0.1278,0.4929
4534,189,21,Sparseville,0.915,0.0017,0.0032,-0.0505,0.0157,0.0529,0.2312
4534,189,21,Tensorburg,0.6028,0.0007,-0.0007,-0.0023,0.1478,0.291,2.8089
4534,189,21,Offshore B,0.9125,-0.0024,-0.0034,-0.1396,0.0071,0.1645,0.7123
4534,189,21,GANopolis,0.9079,0.0025,0.002,-0.182,0.0111,0.1826,0.856
4534,189,21,ReLU Ridge,0.8961,-0.004,-0.0046,-0.189,0.0441,0.1943,0.9535
4535,189,22,GANopolis,1.0054,0.0034,0.0029,-0.1457,-0.0101,0.1464,0.5912
4535,189,22,Tensorburg,0.9271,-0.002,-0.0041,-0.265,-0.0115,0.266,2.5638
4535,189,22,Offshore B,0.8314,-0.0049,-0.0061,0.1938,0.171,0.3052,3.2674
4535,189,22,Bayes Bay,0.9781,0.0034,0.003,0.0273,0.0345,0.0445,0.2115
4535,189,22,ReLU Ridge,1.0007,-0.0024,-0.0025,-0.1842,0.0308,0.1869,0.8855
4535,189,22,Offshore A,1.0105,-0.002,-0.0022,-0.1511,0.0296,0.1544,0.6471
4535,189,22,Sparseville,0.9936,0.0032,0.0044,-0.0211,0.0177,0.0298,0.183
4535,189,22,Gradient Grove,1.0086,0.0014,0.0016,-0.0907,-0.0331,0.0969,0.3578
4536,189,23,Gradient Grove,1.0826,0.0027,0.0026,-0.0677,-0.0331,0.0758,0.2895
4536,189,23,Bayes Bay,1.0647,0.0033,0.002,0.0208,0.0236,0.0323,0.187
4536,189,23,Sparseville,1.057,0.0028,0.0026,0.0033,0.023,0.0237,0.1717
4536,189,23,Offshore B,0.9296,-0.0047,-0.0059,0.0596,-0.258,0.2972,3.2184
4536,189,23,GANopolis,1.0794,0.0033,0.0026,-0.1383,-0.0361,0.1431,0.5705
4536,189,23,Offshore A,1.0897,0.0006,0.0018,-0.1358,0.0146,0.1366,0.5376
4536,189,23,ReLU Ridge,1.0827,0.0006,0.0005,-0.1486,0.0109,0.1491,0.6083
4536,189,23,Tensorburg,1.0692,-0.0046,-0.007,-0.1311,-0.0748,0.1517,0.6219
4537,190,0,Offshore B,1.1322,-0.0038,-0.0046,-0.1466,-0.0908,0.1743,0.7838
4537,190,0,GANopolis,1.1351,0.0006,-0.0001,-0.1673,-0.0259,0.1693,0.7414
4537,190,0,Gradient Grove,1.1418,0.0017,0.0008,-0.0692,-0.0669,0.0966,0.362
4537,190,0,ReLU Ridge,1.1412,0.0001,0.0002,-0.138,-0.0094,0.1383,0.5429
4537,190,0,Offshore A,1.1509,0.0007,0.0021,-0.1055,0.0175,0.107,0.3989
4537,190,0,Bayes Bay,1.1202,0.0004,-0.0008,0.0601,0.0105,0.0614,0.2533
4537,190,0,Sparseville,1.1224,0.0001,-0.0006,0.012,0.0121,0.0179,0.162
4537,190,0,Tensorburg,1.1319,-0.0052,-0.0071,-0.1258,-0.0797,0.1494,0.6055
4538,190,1,Offshore A,1.2014,0.0002,0.0011,-0.0801,0.0224,0.0834,0.3139
4538,190,1,Sparseville,1.1618,-0.0003,-0.001,0.0295,-0.0146,0.0339,0.1908
4538,190,1,Offshore B,1.1823,-0.0019,-0.0019,-0.1494,-0.0529,0.1587,0.6717
4538,190,1,Gradient Grove,1.1898,-0.0007,-0.0015,-0.1081,-0.0874,0.1403,0.5539
4538,190,1,GANopolis,1.1835,-0.0021,-0.0025,-0.166,-0.0262,0.1681,0.7314
4538,190,1,Bayes Bay,1.1432,-0.0022,-0.0031,0.0882,-0.011,0.0893,0.3325
4538,190,1,Tensorburg,1.1886,-0.0025,-0.0038,-0.1504,-0.0552,0.1609,0.6812
4538,190,1,ReLU Ridge,1.1992,0.0011,0.0018,-0.1212,-0.0079,0.1215,0.4597
4539,190,2,ReLU Ridge,1.2276,0.0037,0.0042,-0.1044,0.0002,0.1044,0.386
4539,190,2,Offshore A,1.2256,-0.0002,-0.0001,-0.0631,0.0268,0.0686,0.2695
4539,190,2,Sparseville,1.2003,0.0004,-0.0006,0.0448,-0.0478,0.0657,0.2619
4539,190,2,Offshore B,1.229,0.0014,0.002,-0.1458,-0.0324,0.1494,0.6092
4539,190,2,Gradient Grove,1.2121,-0.001,-0.0011,-0.1548,-0.0136,0.1606,0.6885
4539,190,2,GANopolis,1.2127,-0.0024,-0.0023,-0.146,-0.0273,0.1486,0.6143
4539,190,2,Tensorburg,1.2196,-0.0003,-0.0013,-0.1274,-0.0351,0.1322,0.5121
4539,190,2,Bayes Bay,1.1322,-0.0034,-0.0036,0.041,0.0201,0.0675,0.2686
4540,190,3,Sparseville,1.2154,-0.0003,-0.0009,0.0535,-0.0411,0.0679,0.2679
4540,190,3,Gradient Grove,1.236,0.0002,0.0,-0.1411,0.0857,0.1661,0.7274
4540,190,3,GANopolis,1.245,0.0003,0.0004,-0.1341,-0.0162,0.1351,0.5285
4540,190,3,Bayes Bay,1.1788,-0.0009,-0.0007,-0.1299,0.0625,0.147,0.6104
4540,190,3,Tensorburg,1.24,-0.0015,-0.0021,-0.126,-0.0188,0.1277,0.4886
4540,190,3,Offshore A,1.2488,-0.0007,-0.0009,-0.0649,0.026,0.07,0.2729
4540,190,3,ReLU Ridge,1.2541,0.0026,0.0026,-0.107,0.0071,0.1073,0.3971
4540,190,3,Offshore B,1.2476,0.0011,0.0014,-0.1233,-0.02,0.125,0.4799
4541,190,4,Tensorburg,1.2382,-0.0022,-0.0021,-0.1283,0.0055,0.1286,0.493
4541,190,4,GANopolis,1.2435,0.0019,0.0019,-0.1203,-0.0032,0.1204,0.455
4541,190,4,Gradient Grove,1.2219,-0.0016,-0.0021,-0.1124,0.015,0.117,0.4426
4541,190,4,Offshore B,1.2478,0.0016,0.0021,-0.1023,-0.0082,0.1027,0.3796
4541,190,4,ReLU Ridge,1.2512,-0.0003,-0.0003,-0.1067,0.004,0.1068,0.3975
4541,190,4,Bayes Bay,1.2208,0.0016,0.0015,-0.1703,0.0084,0.1708,0.7556
4541,190,4,Sparseville,1.2304,0.0006,0.0007,0.0299,0.008,0.0358,0.1946
4541,190,4,Offshore A,1.2471,0.0005,0.0003,-0.0716,0.0211,0.0747,0.286
4542,190,5,Bayes Bay,1.2007,0.0007,0.0005,-0.1568,-0.0112,0.1572,0.6552
4542,190,5,GANopolis,1.2154,0.004,0.0041,-0.1196,0.0004,0.1196,0.4488
4542,190,5,Gradient Grove,1.2053,-0.0045,-0.0048,-0.1095,-0.0328,0.1145,0.427
4542,190,5,ReLU Ridge,1.2177,-0.0016,-0.0014,-0.0991,-0.0056,0.0993,0.368
4542,190,5,Sparseville,1.2049,0.0033,0.0035,-0.0282,0.0288,0.0432,0.2101
4542,190,5,Offshore B,1.1966,-0.0004,-0.0001,-0.1,0.0009,0.1,0.3697
4542,190,5,Offshore A,1.2055,0.0014,0.0009,-0.0834,0.0174,0.0853,0.3186
4542,190,5,Tensorburg,1.2115,0.0006,0.001,-0.1265,0.0142,0.1273,0.4877
4543,190,6,Gradient Grove,1.1243,-0.004,-0.004,-0.0943,-0.0009,0.095,0.3523
4543,190,6,ReLU Ridge,1.1244,0.0007,0.0009,-0.0818,-0.025,0.0858,0.3196
4543,190,6,Offshore A,1.1075,-0.0004,-0.0009,-0.086,-0.002,0.0863,0.3212
4543,190,6,Sparseville,1.1315,0.0034,0.0033,-0.0749,0.0195,0.0776,0.2951
4543,190,6,Offshore B,1.1107,-0.0023,-0.0022,-0.1158,0.0044,0.1158,0.4325
4543,190,6,Tensorburg,1.1243,0.0038,0.0038,-0.1209,0.0036,0.1211,0.4612
4543,190,6,GANopolis,1.1246,0.0044,0.0044,-0.1094,0.0141,0.1107,0.4111
4543,190,6,Bayes Bay,1.1199,-0.0008,-0.0006,-0.1263,-0.0062,0.1265,0.4913
4544,190,7,Offshore B,0.9696,-0.0039,-0.0038,-0.148,-0.0013,0.1481,0.6008
4544,190,7,Sparseville,0.992,0.0004,0.0,-0.0984,0.0074,0.0987,0.3664
4544,190,7,GANopolis,0.9906,0.0014,0.0016,-0.1227,0.0421,0.1299,0.5008
4544,190,7,Tensorburg,0.9834,0.0028,0.0022,-0.1093,-0.0318,0.1147,0.4279
4544,190,7,Offshore A,0.9723,-0.0018,-0.0023,-0.0566,-0.0275,0.0637,0.2568
4544,190,7,ReLU Ridge,0.9877,0.0021,0.0023,-0.0697,-0.045,0.0834,0.3126
4544,190,7,Bayes Bay,0.981,0.0015,0.0016,-0.0823,0.0027,0.0823,0.3121
4544,190,7,Gradient Grove,0.9859,-0.002,-0.0019,-0.0667,0.0305,0.074,0.2849
4545,190,8,Gradient Grove,0.8407,-0.0019,-0.0017,-0.0319,0.0424,0.0536,0.2313
4545,190,8,Offshore A,0.8354,-0.0003,-0.0008,-0.0409,-0.0368,0.0552,0.2354
4545,190,8,Sparseville,0.8404,-0.0015,-0.0019,-0.1066,-0.0011,0.1066,0.3945
4545,190,8,ReLU Ridge,0.8467,0.0001,0.0002,-0.0602,-0.0645,0.0885,0.3284
4545,190,8,GANopolis,0.8513,-0.0003,0.0,-0.1211,0.0539,0.1328,0.5149
4545,190,8,Tensorburg,0.8345,-0.0009,-0.0015,-0.1325,-0.0686,0.1494,0.6137
4545,190,8,Bayes Bay,0.8332,0.0049,0.0045,-0.0647,0.0068,0.065,0.2602
4545,190,8,Offshore B,0.8273,-0.0042,-0.0041,-0.1699,-0.0234,0.1716,0.7609
4546,190,9,Offshore B,0.7142,-0.0017,-0.0015,-0.1649,-0.039,0.1696,0.7487
4546,190,9,Bayes Bay,0.7217,0.0061,0.0051,-0.0665,0.0152,0.0685,0.2689
4546,190,9,Tensorburg,0.7162,-0.004,-0.0042,-0.1617,-0.0471,0.1687,0.7375
4546,190,9,GANopolis,0.7321,-0.0006,-0.0001,-0.1351,0.0589,0.1475,0.5939
4546,190,9,Offshore A,0.7132,0.0021,0.0011,-0.0688,-0.019,0.0729,0.2849
4546,190,9,Gradient Grove,0.7058,-0.0032,-0.003,-0.0137,0.0514,0.0535,0.2312
4546,190,9,Sparseville,0.7254,-0.0012,-0.0014,-0.1142,-0.0072,0.1145,0.4294
4546,190,9,ReLU Ridge,0.7135,-0.0018,-0.0016,-0.0367,-0.08,0.0885,0.3289
4547,190,10,Bayes Bay,0.6164,0.0055,0.0042,-0.0409,0.0786,0.0923,0.3545
4547,190,10,Tensorburg,0.6307,-0.0041,-0.0036,-0.1354,-0.0355,0.1404,0.5604
4547,190,10,GANopolis,0.6481,-0.0017,-0.0008,-0.1206,0.0602,0.1349,0.5233
4547,190,10,ReLU Ridge,0.609,0.0002,0.0005,0.0014,-0.0875,0.0888,0.3297
4547,190,10,Gradient Grove,0.6041,-0.0023,-0.0022,-0.004,0.0583,0.0585,0.2434
4547,190,10,Offshore B,0.6249,0.0008,0.0009,-0.1528,-0.0265,0.1552,0.6458
4547,190,10,Sparseville,0.6284,-0.0009,-0.0009,-0.1163,-0.0114,0.1169,0.438
4547,190,10,Offshore A,0.6217,0.0029,0.0012,-0.2054,0.0055,0.2056,1.3016
4548,190,11,ReLU Ridge,0.5198,0.004,0.0039,0.0572,-0.0771,0.0984,0.3634
4548,190,11,Gradient Grove,0.5297,0.002,0.0016,-0.0406,0.0763,0.0878,0.3369
4548,190,11,Bayes Bay,0.5104,0.0054,0.0042,-0.0916,0.2966,0.3117,4.1428
4548,190,11,Offshore B,0.5559,0.0005,0.0001,-0.1213,-0.0168,0.1226,0.4629
4548,190,11,Offshore A,0.5138,0.0049,0.0026,-0.4079,-0.0264,0.409,9.2521
4548,190,11,Tensorburg,0.5583,-0.0002,-0.0002,-0.1048,-0.0912,0.1402,0.567
4548,190,11,Sparseville,0.5605,-0.0033,-0.0031,-0.1227,-0.0133,0.1234,0.4693
4548,190,11,GANopolis,0.5791,-0.0037,-0.0023,-0.1106,0.0611,0.1267,0.4825
4549,190,12,Offshore A,0.5033,0.0072,0.0047,-0.2334,-0.0391,0.2369,2.3044
4549,190,12,Sparseville,0.5199,-0.0044,-0.0039,-0.1182,-0.022,0.1205,0.4551
4549,190,12,ReLU Ridge,0.4562,0.0045,0.0039,0.1088,-0.1152,0.1629,0.7037
4549,190,12,Gradient Grove,0.4789,0.0042,0.0033,-0.1798,0.0113,0.1999,1.15
4549,190,12,GANopolis,0.5372,-0.0024,-0.0006,-0.0836,0.0524,0.0989,0.3658
4549,190,12,Offshore B,0.5042,-0.0007,-0.0012,-0.136,-0.0309,0.1397,0.5545
4549,190,12,Tensorburg,0.5042,0.002,0.0019,-0.1397,-0.1444,0.2013,1.0232
4549,190,12,Bayes Bay,0.4639,0.0049,0.0037,-0.1619,0.3814,0.4204,10.7145
4550,190,13,Gradient Grove,0.4242,0.003,0.0021,-0.4196,-0.118,0.4363,28.7101
4550,190,13,Bayes Bay,0.4576,0.0027,0.001,-0.1952,0.2707,0.34,4.3546
4550,190,13,Offshore B,0.4942,0.0003,-0.0,-0.1443,0.0076,0.1451,0.588
4550,190,13,Tensorburg,0.4834,0.0026,0.0028,-0.1638,-0.1279,0.2096,1.1517
4550,190,13,Offshore A,0.3574,0.007,0.005,-0.2701,0.1005,0.2933,19.211
4550,190,13,GANopolis,0.5227,0.0004,0.0021,-0.0776,0.0636,0.1009,0.3737
4550,190,13,Sparseville,0.4892,-0.0009,-0.0002,-0.1257,-0.0264,0.1289,0.4944
4550,190,13,ReLU Ridge,0.4577,0.0027,0.0013,0.1048,-0.245,0.2686,2.2753
4551,190,14,Gradient Grove,0.4171,0.0017,0.0011,-0.3536,-0.3528,0.5106,29.5555
4551,190,14,ReLU Ridge,0.3848,0.0015,-0.0006,0.1787,-0.3845,0.4329,25.5033
4551,190,14,Sparseville,0.5004,0.002,0.0024,-0.1314,-0.0319,0.1356,0.5358
4551,190,14,Offshore B,0.4695,0.0002,-0.0001,-0.1387,0.0106,0.1393,0.5723
4551,190,14,GANopolis,0.521,0.0005,0.0017,-0.0827,0.0857,0.1221,0.4621
4551,190,14,Bayes Bay,0.4046,0.0007,-0.0014,-0.1079,0.4062,0.4421,22.9371
4551,190,14,Tensorburg,0.5237,0.0015,0.0021,-0.1611,-0.0235,0.166,0.759
4551,190,14,Offshore A,0.3184,0.0052,0.0038,-0.4456,-0.143,0.482,29.2655
4552,190,15,Offshore B,0.4476,-0.0022,-0.0024,-0.2699,-0.0163,0.2726,2.1752
4552,190,15,Bayes Bay,0.36,0.0017,0.0006,-0.0206,0.4788,0.5374,48.7396
4552,190,15,Gradient Grove,0.4199,0.0002,-0.0001,-0.1329,-0.3279,0.3605,8.6429
4552,190,15,ReLU Ridge,0.2287,-0.0001,-0.002,0.137,-0.1565,0.2806,3.8807
4552,190,15,Offshore A,0.464,0.0024,0.0017,-0.2293,-0.1555,0.2807,2.9038
4552,190,15,Tensorburg,0.518,0.0011,0.0019,-0.0421,-0.0634,0.0841,0.3391
4552,190,15,GANopolis,0.4863,-0.0026,-0.0021,-0.0017,0.1261,0.1329,0.5304
4552,190,15,Sparseville,0.5111,0.0023,0.0024,-0.2212,0.0111,0.2225,1.3467
4553,190,16,ReLU Ridge,0.2793,0.0006,-0.0004,-0.0816,0.2142,0.2926,5.201
4553,190,16,Offshore A,0.4786,0.0007,0.0005,-0.2613,0.0015,0.2637,2.062
4553,190,16,Offshore B,0.4481,-0.003,-0.0032,-0.313,-0.2456,0.4004,8.4842
4553,190,16,Tensorburg,0.5136,0.002,0.0026,0.06,0.0044,0.0798,0.3282
4553,190,16,GANopolis,0.4778,-0.0055,-0.0053,0.0214,0.1449,0.1516,0.7001
4553,190,16,Bayes Bay,0.4326,0.0047,0.0039,0.0702,0.3859,0.4169,18.7055
4553,190,16,Gradient Grove,0.466,-0.0015,-0.0015,-0.088,-0.2705,0.2867,2.5692
4553,190,16,Sparseville,0.4926,0.0044,0.0043,-0.2639,-0.0018,0.2657,2.0081
4554,190,17,GANopolis,0.5244,0.0007,0.0008,-0.0739,0.1865,0.2024,1.2247
4554,190,17,Gradient Grove,0.4631,-0.0,0.0002,-0.0264,-0.1566,0.1626,0.7446
4554,190,17,Sparseville,0.5429,0.0045,0.0045,-0.2574,-0.0166,0.2605,2.0043
4554,190,17,Offshore A,0.4595,-0.0005,-0.0005,-0.236,0.0052,0.2374,1.5836
4554,190,17,ReLU Ridge,0.4183,0.0017,0.0016,-0.1929,-0.0256,0.2241,1.6991
4554,190,17,Offshore B,0.4575,-0.0013,-0.0014,-0.2966,-0.1805,0.3491,4.9327
4554,190,17,Tensorburg,0.4727,0.0016,0.0016,0.1435,-0.0382,0.1591,0.7889
4554,190,17,Bayes Bay,0.4419,0.0033,0.0028,-0.1192,0.4029,0.4281,12.6314
4555,190,18,Offshore A,0.507,-0.0015,-0.0015,-0.133,-0.0332,0.138,0.6024
4555,190,18,Bayes Bay,0.4617,-0.0002,-0.0003,0.0269,0.3264,0.3312,4.4274
4555,190,18,Gradient Grove,0.5084,0.002,0.0023,0.0035,-0.041,0.0482,0.2271
4555,190,18,Offshore B,0.4929,0.0012,0.0013,-0.2319,-0.0713,0.2429,1.6884
4555,190,18,Tensorburg,0.5146,-0.0009,-0.0012,0.1079,0.0873,0.1624,0.9381
4555,190,18,GANopolis,0.5407,0.0048,0.0054,0.0046,0.1733,0.1804,0.8605
4555,190,18,Sparseville,0.4921,0.0019,0.0019,-0.2415,-0.0249,0.2438,1.6302
4555,190,18,ReLU Ridge,0.5451,0.0011,0.0008,-0.1258,-0.0357,0.1332,0.5583
4556,190,19,Sparseville,0.5474,-0.0012,-0.001,-0.1537,-0.049,0.1621,0.7213
4556,190,19,Gradient Grove,0.53,0.0002,0.0003,0.0101,0.0117,0.0293,0.1827
4556,190,19,Offshore A,0.5293,-0.0015,-0.002,-0.0227,-0.0513,0.0606,0.2561
4556,190,19,Bayes Bay,0.5924,-0.0006,-0.0005,-0.059,0.1066,0.1587,0.763
4556,190,19,GANopolis,0.5962,0.0037,0.0042,-0.108,0.132,0.1712,0.8988
4556,190,19,ReLU Ridge,0.5502,0.0001,-0.0,-0.0317,-0.0252,0.046,0.2161
4556,190,19,Tensorburg,0.5335,-0.0035,-0.0038,0.0276,0.3001,0.3164,5.4701
4556,190,19,Offshore B,0.5474,0.001,0.0013,-0.1657,-0.0632,0.178,0.8269
4557,190,20,GANopolis,0.6468,0.0024,0.003,-0.0475,-0.0088,0.0534,0.2318
4557,190,20,Tensorburg,0.6369,-0.003,-0.0027,-0.1441,0.0254,0.1561,0.6893
4557,190,20,Gradient Grove,0.6378,-0.0015,-0.0017,-0.0614,-0.0031,0.0635,0.2652
4557,190,20,Sparseville,0.636,-0.0011,-0.0008,-0.0304,-0.0451,0.0612,0.2535
4557,190,20,Bayes Bay,0.664,0.0022,0.0024,-0.1352,-0.0342,0.1401,0.5589
4557,190,20,Offshore A,0.6421,-0.0012,-0.0023,-0.1229,-0.0397,0.1349,0.55
4557,190,20,Offshore B,0.6427,-0.0009,-0.0005,-0.1722,-0.075,0.1882,0.9099
4557,190,20,ReLU Ridge,0.5974,0.0015,0.0012,-0.0475,0.0493,0.0862,0.3439
4558,190,21,Sparseville,0.7252,0.001,0.0011,0.045,-0.0547,0.0737,0.2853
4558,190,21,Bayes Bay,0.7613,0.0052,0.0057,-0.152,-0.0186,0.1532,0.6335
4558,190,21,ReLU Ridge,0.7007,0.0012,0.0006,0.0627,0.0873,0.1127,0.4216
4558,190,21,GANopolis,0.7629,0.0017,0.0025,-0.052,-0.026,0.0593,0.2467
4558,190,21,Gradient Grove,0.735,0.0004,0.0001,-0.0866,0.0352,0.094,0.355
4558,190,21,Offshore B,0.7419,-0.0028,-0.0024,-0.1348,-0.0785,0.1564,0.6537
4558,190,21,Tensorburg,0.7675,0.0001,0.0011,-0.1523,0.0171,0.1535,0.6445
4558,190,21,Offshore A,0.7237,-0.0011,-0.0026,-0.1886,-0.0909,0.2118,1.1465
4559,190,22,GANopolis,0.8322,0.0005,0.0012,-0.036,-0.0391,0.0534,0.2319
4559,190,22,Gradient Grove,0.8317,0.0019,0.0013,-0.1823,0.0871,0.2025,1.108
4559,190,22,Offshore B,0.8613,-0.0033,-0.0028,-0.1213,-0.0623,0.1366,0.5328
4559,190,22,Offshore A,0.8239,-0.0015,-0.0032,-0.2123,-0.1385,0.2541,1.7404
4559,190,22,Tensorburg,0.8592,-0.0007,0.001,-0.1071,0.0167,0.1084,0.4102
4559,190,22,Bayes Bay,0.8665,0.0055,0.0069,-0.1216,-0.0122,0.1223,0.4633
4559,190,22,Sparseville,0.8301,0.0015,0.0012,0.0901,0.0362,0.106,0.3936
4559,190,22,ReLU Ridge,0.8182,-0.0004,-0.0009,0.0605,0.0142,0.0646,0.2627
4560,190,23,Tensorburg,0.9605,0.0014,0.0037,-0.0858,0.0173,0.0876,0.3276
4560,190,23,Offshore A,0.9359,-0.002,-0.0034,-0.1804,-0.0935,0.2039,1.1044
4560,190,23,GANopolis,0.9338,0.0011,0.0019,-0.0486,-0.0557,0.0743,0.2858
4560,190,23,Gradient Grove,0.9193,0.0005,-0.0003,-0.2621,0.0742,0.2731,2.1214
4560,190,23,Bayes Bay,0.9627,0.0023,0.004,-0.1114,-0.01,0.1119,0.4181
4560,190,23,Sparseville,0.9512,-0.0003,-0.0011,-0.0412,0.098,0.1153,0.4439
4560,190,23,Offshore B,0.9318,-0.0031,-0.0026,-0.0968,-0.0561,0.1123,0.4195
4560,190,23,ReLU Ridge,0.9461,0.0012,0.0012,0.0319,-0.0328,0.0465,0.2158
4561,191,0,Bayes Bay,1.0294,-0.0013,0.0007,-0.0966,-0.0087,0.097,0.3584
4561,191,0,GANopolis,0.9859,0.0029,0.0035,-0.0564,-0.0746,0.0939,0.3478
4561,191,0,Offshore B,1.021,-0.0013,-0.001,-0.0811,-0.056,0.0993,0.366
4561,191,0,Gradient Grove,0.9973,-0.0007,-0.0016,-0.2343,0.0209,0.2355,1.487
4561,191,0,ReLU Ridge,1.0143,0.0041,0.0048,-0.018,-0.0416,0.0489,0.222
4561,191,0,Offshore A,1.0266,-0.0032,-0.0041,-0.1263,-0.037,0.1324,0.5143
4561,191,0,Sparseville,1.0187,-0.0012,-0.0021,-0.13,0.0825,0.1552,0.6458
4561,191,0,Tensorburg,1.0164,0.0048,0.0073,-0.0598,0.0154,0.0618,0.2528
4562,191,1,Offshore B,1.067,-0.0007,-0.0009,-0.0805,-0.0742,0.1098,0.4083
4562,191,1,ReLU Ridge,1.0789,0.0035,0.0044,-0.0452,-0.0479,0.0661,0.2624
4562,191,1,Tensorburg,1.0747,0.0052,0.0071,-0.0394,0.019,0.0439,0.2103
4562,191,1,Offshore A,1.0609,-0.0024,-0.0025,-0.143,0.007,0.1432,0.5766
4562,191,1,Sparseville,1.0751,0.0007,0.0001,-0.148,0.0299,0.1516,0.6223
4562,191,1,Bayes Bay,1.0901,0.0004,0.0027,-0.0752,-0.0083,0.0757,0.29
4562,191,1,GANopolis,1.0483,0.0014,0.0017,-0.0756,-0.0993,0.1252,0.4777
4562,191,1,Gradient Grove,1.0605,0.0004,-0.0005,-0.192,0.0091,0.1922,0.9639
4563,191,2,Offshore A,1.1216,0.0009,0.0011,-0.1274,0.0113,0.1281,0.4914
4563,191,2,Tensorburg,1.0999,0.0021,0.0032,-0.0187,0.0209,0.0288,0.1806
4563,191,2,ReLU Ridge,1.1153,-0.0001,0.0008,-0.0646,-0.0382,0.0758,0.2898
4563,191,2,GANopolis,1.0684,-0.0022,-0.0024,-0.1358,-0.0915,0.1666,0.7352
4563,191,2,Gradient Grove,1.1013,0.0021,0.0016,-0.1699,-0.0077,0.1704,0.7522
4563,191,2,Bayes Bay,1.1233,0.0035,0.0048,-0.0557,-0.0071,0.0562,0.2386
4563,191,2,Sparseville,1.1078,0.0037,0.0039,-0.1597,0.0201,0.1611,0.6855
4563,191,2,Offshore B,1.1129,-0.0028,-0.003,-0.1042,-0.0688,0.1254,0.4769
4564,191,3,GANopolis,1.0771,-0.0022,-0.0025,-0.196,0.0314,0.2041,1.0673
4564,191,3,Offshore A,1.146,0.0032,0.0035,-0.1182,0.0203,0.12,0.453
4564,191,3,Gradient Grove,1.127,0.0009,0.0008,-0.161,-0.0295,0.1638,0.7025
4564,191,3,Sparseville,1.1492,0.0045,0.0053,-0.1265,0.0193,0.128,0.4918
4564,191,3,Offshore B,1.1452,-0.0027,-0.0026,-0.1101,-0.0478,0.1204,0.4554
4564,191,3,Tensorburg,1.1138,-0.0012,-0.0006,-0.0074,0.0272,0.0286,0.1803
4564,191,3,Bayes Bay,1.1436,0.0015,0.0019,-0.0309,-0.008,0.0319,0.1864
4564,191,3,ReLU Ridge,1.1405,-0.0022,-0.0017,-0.0834,-0.0325,0.0899,0.334
4565,191,4,Sparseville,1.169,0.002,0.0028,-0.1101,0.0164,0.1114,0.4164
4565,191,4,Tensorburg,1.1211,-0.001,-0.0009,0.0011,0.0292,0.0293,0.1815
4565,191,4,Offshore A,1.1606,0.0012,0.0012,-0.115,0.026,0.118,0.4429
4565,191,4,Offshore B,1.1613,0.0012,0.0014,-0.097,-0.033,0.1026,0.3792
4565,191,4,ReLU Ridge,1.1568,-0.0016,-0.0015,-0.084,-0.02,0.0867,0.3237
4565,191,4,Bayes Bay,1.1566,-0.0023,-0.0024,-0.0192,0.0016,0.0201,0.1656
4565,191,4,GANopolis,1.1042,-0.0001,-0.0005,-0.1882,0.1182,0.2235,1.2924
4565,191,4,Gradient Grove,1.1476,-0.0014,-0.0012,-0.1454,-0.0343,0.1495,0.6065
4566,191,5,Offshore B,1.1621,0.0019,0.0019,-0.0757,-0.0208,0.0786,0.298
4566,191,5,Sparseville,1.1559,0.001,0.0017,-0.0863,0.0171,0.0881,0.3287
4566,191,5,Bayes Bay,1.1532,-0.0026,-0.0029,-0.0281,0.0283,0.0402,0.204
4566,191,5,ReLU Ridge,1.1577,-0.0016,-0.0019,-0.1022,0.0078,0.1029,0.3807
4566,191,5,Gradient Grove,1.1539,-0.0018,-0.0018,-0.1282,-0.0308,0.1319,0.5112
4566,191,5,GANopolis,1.1188,0.0012,0.0008,-0.1803,0.107,0.2104,1.1225
4566,191,5,Offshore A,1.1607,-0.0027,-0.003,-0.1349,0.032,0.1388,0.5498
4566,191,5,Tensorburg,1.1216,0.0006,0.0004,-0.0108,0.018,0.0223,0.1692
4567,191,6,Bayes Bay,1.1273,-0.0001,-0.0002,-0.0616,0.0665,0.091,0.3435
4567,191,6,Offshore B,1.1227,-0.0016,-0.0018,-0.0818,-0.0038,0.0825,0.3114
4567,191,6,ReLU Ridge,1.1257,-0.0042,-0.0044,-0.1449,0.0311,0.1483,0.6032
4567,191,6,Tensorburg,1.1059,0.001,0.0008,-0.0241,-0.0015,0.0245,0.1731
4567,191,6,Offshore A,1.1191,-0.0042,-0.0045,-0.1568,0.0133,0.1577,0.6656
4567,191,6,Sparseville,1.106,0.0015,0.0017,-0.0639,0.0176,0.0663,0.2633
4567,191,6,GANopolis,1.1088,0.0014,0.0012,-0.1645,0.0906,0.1881,0.8998
4567,191,6,Gradient Grove,1.1212,-0.0003,-0.0005,-0.1191,-0.0184,0.1211,0.4561
4568,191,7,Tensorburg,1.0628,-0.0013,-0.0012,-0.0387,0.0131,0.0416,0.2062
4568,191,7,Offshore A,1.0512,-0.003,-0.0026,-0.1205,-0.0155,0.122,0.4639
4568,191,7,Sparseville,1.0244,0.0027,0.0026,-0.0738,0.0077,0.0748,0.2888
4568,191,7,Offshore B,1.0428,-0.0052,-0.0055,-0.1056,0.0089,0.1061,0.3943
4568,191,7,ReLU Ridge,1.0633,-0.0038,-0.0032,-0.1331,0.0103,0.1342,0.5265
4568,191,7,GANopolis,1.0651,0.0021,0.0022,-0.1509,0.0552,0.161,0.6896
4568,191,7,Bayes Bay,1.0278,0.0021,0.0023,-0.111,0.1674,0.2039,1.2165
4568,191,7,Gradient Grove,1.0564,0.0003,0.0,-0.1209,0.0056,0.1213,0.4576
4569,191,8,GANopolis,0.9377,0.0033,0.0034,-0.1025,0.0223,0.1052,0.3916
4569,191,8,Bayes Bay,0.6596,0.0027,0.0024,0.0045,0.4201,0.4443,14.4642
4569,191,8,Gradient Grove,0.9266,0.0016,0.0016,-0.1217,0.0276,0.125,0.4767
4569,191,8,Offshore B,0.941,-0.0063,-0.0061,-0.0998,0.0241,0.1029,0.3829
4569,191,8,ReLU Ridge,0.929,0.0002,0.001,-0.1077,-0.0221,0.1104,0.41
4569,191,8,Tensorburg,0.9382,-0.0041,-0.0035,-0.0497,0.0031,0.05,0.2236
4569,191,8,Offshore A,0.9269,0.0002,0.0007,-0.0813,-0.044,0.0936,0.346
4569,191,8,Sparseville,0.9275,0.0026,0.0021,-0.1049,-0.0041,0.1051,0.3899
4570,191,9,Gradient Grove,0.8002,0.0021,0.0021,-0.1319,0.0596,0.1452,0.5837
4570,191,9,Offshore B,0.8048,-0.0054,-0.0051,-0.0602,0.0417,0.074,0.2847
4570,191,9,Tensorburg,0.8143,-0.0063,-0.0053,-0.0609,0.0042,0.0612,0.2509
4570,191,9,Sparseville,0.795,0.0003,0.0,-0.1442,-0.0008,0.1445,0.5842
4570,191,9,Offshore A,0.7962,0.0025,0.0021,-0.0738,-0.0834,0.112,0.4169
4570,191,9,Bayes Bay,0.5896,-0.0001,-0.0006,0.165,-0.1683,0.3009,3.2581
4570,191,9,GANopolis,0.8139,0.0019,0.0019,-0.0791,0.0047,0.0793,0.3
4570,191,9,ReLU Ridge,0.8097,0.0013,0.0015,-0.1018,-0.0341,0.1075,0.3976
4571,191,10,Sparseville,0.6867,-0.0008,-0.0002,-0.163,0.0126,0.1636,0.7045
4571,191,10,Tensorburg,0.6994,-0.005,-0.0038,-0.0706,0.0132,0.0719,0.2784
4571,191,10,Bayes Bay,0.6692,-0.003,-0.0032,-0.0669,-0.1365,0.154,0.663
4571,191,10,Offshore A,0.6824,0.0014,0.0008,-0.0944,-0.1046,0.1417,0.5672
4571,191,10,GANopolis,0.6935,-0.0009,-0.0008,-0.0686,0.0133,0.0701,0.2736
4571,191,10,ReLU Ridge,0.6969,0.0012,0.0014,-0.1132,-0.0207,0.1153,0.4301
4571,191,10,Gradient Grove,0.6842,-0.0003,-0.0002,-0.1495,0.0904,0.175,0.7909
4571,191,10,Offshore B,0.6849,-0.0036,-0.0033,-0.0251,0.0631,0.0691,0.2702
4572,191,11,ReLU Ridge,0.6121,0.0035,0.0034,-0.1177,-0.0071,0.1179,0.4469
4572,191,11,GANopolis,0.603,-0.0026,-0.0026,-0.0624,0.0473,0.0792,0.2993
4572,191,11,Offshore B,0.582,-0.0003,-0.0002,-0.0091,0.0841,0.0848,0.3167
4572,191,11,Bayes Bay,0.5888,-0.0047,-0.0052,-0.0506,-0.113,0.1239,0.469
4572,191,11,Offshore A,0.5901,0.0001,-0.0003,-0.1333,-0.1107,0.1739,0.7759
4572,191,11,Gradient Grove,0.594,-0.0014,-0.0011,-0.1562,0.113,0.1933,0.9393
4572,191,11,Tensorburg,0.6101,-0.0021,-0.0015,-0.0605,0.014,0.0621,0.2522
4572,191,11,Sparseville,0.6114,0.0002,0.0012,-0.1414,0.0155,0.1423,0.5669
4573,191,12,Bayes Bay,0.5174,-0.0034,-0.0038,-0.0382,-0.0986,0.1061,0.3929
4573,191,12,GANopolis,0.5306,-0.0014,-0.0015,-0.0569,0.0916,0.1081,0.4055
4573,191,12,Sparseville,0.5498,0.0001,0.0012,-0.1062,0.0263,0.1098,0.4097
4573,191,12,ReLU Ridge,0.546,0.0034,0.003,-0.1452,-0.0492,0.1551,0.6583
4573,191,12,Offshore B,0.5322,0.0011,0.0003,-0.1035,0.0757,0.1317,0.5636
4573,191,12,Tensorburg,0.5352,-0.0018,-0.0018,-0.0499,0.0053,0.0509,0.2255
4573,191,12,Gradient Grove,0.5337,0.0001,0.0005,-0.1437,0.1282,0.1931,0.9374
4573,191,12,Offshore A,0.5313,-0.0007,-0.0007,-0.1564,-0.0857,0.1792,0.8183
4574,191,13,GANopolis,0.4825,0.0005,0.0001,-0.1146,0.127,0.1726,0.7804
4574,191,13,Bayes Bay,0.4788,-0.0006,-0.0013,-0.0157,-0.1153,0.1165,0.4405
4574,191,13,ReLU Ridge,0.5016,0.0007,-0.0001,-0.2044,-0.1145,0.2349,1.4819
4574,191,13,Sparseville,0.5027,0.0004,0.0013,-0.0406,0.0445,0.0633,0.2568
4574,191,13,Offshore B,0.4913,0.0013,0.0004,-0.2533,-0.042,0.2639,2.3621
4574,191,13,Tensorburg,0.4868,-0.0028,-0.0031,-0.0534,-0.0404,0.0697,0.2731
4574,191,13,Gradient Grove,0.499,-0.0001,0.0004,-0.1413,0.133,0.1946,0.9566
4574,191,13,Offshore A,0.5085,-0.0003,0.0003,-0.0851,-0.032,0.0939,0.3836
4575,191,14,ReLU Ridge,0.5028,-0.0018,-0.0024,-0.2345,-0.0658,0.2441,1.5884
4575,191,14,Bayes Bay,0.4724,0.0002,-0.0008,0.0369,-0.0939,0.1029,0.3811
4575,191,14,Gradient Grove,0.5077,-0.003,-0.002,-0.1415,0.1118,0.1816,0.8627
4575,191,14,Offshore B,0.4219,0.0006,-0.0005,-0.4817,-0.2918,0.5742,70.9889
4575,191,14,Offshore A,0.4918,0.0007,0.0011,0.0268,-0.0186,0.0375,0.1983
4575,191,14,GANopolis,0.479,0.0025,0.0023,-0.1714,0.1021,0.2013,1.0305
4575,191,14,Tensorburg,0.4816,-0.001,-0.0014,-0.1122,-0.0867,0.1442,0.5972
4575,191,14,Sparseville,0.4601,0.0026,0.0028,0.0188,0.0771,0.0803,0.3033
4576,191,15,Sparseville,0.4647,0.0036,0.0029,0.0165,0.1387,0.1431,0.5807
4576,191,15,Offshore B,0.4131,-0.0015,-0.0022,-0.3362,-0.1329,0.3702,8.3663
4576,191,15,Tensorburg,0.4564,0.0022,0.0016,-0.1339,-0.1439,0.2012,1.0462
4576,191,15,GANopolis,0.4743,0.0048,0.0049,-0.1814,0.0602,0.1915,0.9383
4576,191,15,Gradient Grove,0.5161,-0.004,-0.0027,-0.1192,0.1116,0.164,0.7162
4576,191,15,Bayes Bay,0.473,-0.0008,-0.0014,-0.0111,-0.1177,0.128,0.4987
4576,191,15,ReLU Ridge,0.5008,-0.0003,-0.0004,-0.2038,-0.0545,0.2116,1.163
4576,191,15,Offshore A,0.4742,-0.0008,-0.001,0.0933,0.0252,0.1222,0.4925
4577,191,16,ReLU Ridge,0.5132,0.0021,0.0021,-0.1762,-0.0835,0.1989,1.0276
4577,191,16,Offshore A,0.4456,-0.0029,-0.0034,-0.1798,0.1521,0.2448,2.2319
4577,191,16,Gradient Grove,0.5442,-0.0024,-0.0014,-0.1285,0.077,0.1517,0.6342
4577,191,16,Offshore B,0.4476,-0.0028,-0.0032,-0.3174,-0.1402,0.352,5.2278
4577,191,16,Tensorburg,0.4867,0.0024,0.0015,-0.2338,-0.1508,0.2806,2.4041
4577,191,16,GANopolis,0.5022,0.0032,0.0036,-0.192,0.0466,0.1978,1.0312
4577,191,16,Sparseville,0.4746,0.0009,-0.0,-0.0476,0.1844,0.1948,0.9827
4577,191,16,Bayes Bay,0.4633,0.0005,0.0001,0.0102,-0.2399,0.2466,2.7051
4578,191,17,GANopolis,0.4865,0.0008,0.0011,-0.1919,0.1034,0.2194,1.2655
4578,191,17,Bayes Bay,0.4059,0.0037,0.0034,0.0196,-0.5569,0.5705,61.8332
4578,191,17,ReLU Ridge,0.5077,0.0011,0.001,-0.0845,-0.1267,0.158,0.6869
4578,191,17,Offshore A,0.3817,-0.0023,-0.0027,-0.3273,-0.2182,0.4159,10.3743
4578,191,17,Gradient Grove,0.5359,-0.0018,-0.0013,-0.0854,0.075,0.1157,0.4368
4578,191,17,Tensorburg,0.4858,-0.0011,-0.0018,-0.3135,-0.1384,0.3459,4.6948
4578,191,17,Offshore B,0.4954,-0.0037,-0.0037,-0.2191,-0.0376,0.2271,1.4042
4578,191,17,Sparseville,0.4676,-0.0015,-0.0022,-0.2135,0.1879,0.2907,2.7929
4579,191,18,Tensorburg,0.4717,-0.0041,-0.0045,-0.3255,-0.0256,0.3298,3.9363
4579,191,18,Sparseville,0.4435,-0.0018,-0.002,-0.2902,-0.0754,0.313,3.2647
4579,191,18,Gradient Grove,0.5325,-0.0029,-0.0028,-0.0483,0.0401,0.0649,0.2705
4579,191,18,Offshore B,0.4816,-0.0018,-0.0014,-0.1514,-0.0522,0.1627,0.717
4579,191,18,ReLU Ridge,0.5077,-0.002,-0.0022,-0.0246,-0.1579,0.1604,0.6994
4579,191,18,Bayes Bay,0.328,0.0056,0.0055,0.1671,-0.4284,0.4837,26.1431
4579,191,18,GANopolis,0.5172,0.0001,0.0004,-0.183,0.0994,0.2095,1.1238
4579,191,18,Offshore A,0.4209,0.0003,0.0,-0.3922,-0.1942,0.4441,14.7092
4580,191,19,ReLU Ridge,0.4881,-0.0016,-0.0019,-0.0184,-0.1423,0.1457,0.5887
4580,191,19,Offshore B,0.4777,0.001,0.0014,-0.0898,-0.0004,0.094,0.3559
4580,191,19,Offshore A,0.4479,0.0023,0.0023,-0.2069,0.0488,0.2534,3.8282
4580,191,19,Tensorburg,0.4731,-0.0045,-0.0045,-0.2912,0.0822,0.3115,3.6075
4580,191,19,Sparseville,0.484,-0.001,-0.0012,-0.1903,-0.1311,0.2337,1.4775
4580,191,19,Bayes Bay,0.4038,0.0054,0.0054,0.2365,-0.0494,0.2624,2.738
4580,191,19,Gradient Grove,0.5164,-0.003,-0.0029,-0.0584,-0.0175,0.063,0.2557
4580,191,19,GANopolis,0.4942,-0.0001,0.0,-0.1697,0.1007,0.1981,1.0119
4581,191,20,Offshore B,0.4935,0.001,0.001,-0.0182,0.1257,0.1282,0.5951
4581,191,20,Gradient Grove,0.5424,0.0002,0.0004,-0.0789,-0.0448,0.0938,0.3509
4581,191,20,GANopolis,0.533,-0.002,-0.0021,-0.1131,0.0178,0.1151,0.4337
4581,191,20,Bayes Bay,0.5153,0.0051,0.0056,-0.0219,0.1264,0.1394,0.5551
4581,191,20,ReLU Ridge,0.5444,0.002,0.0018,-0.1367,-0.035,0.1491,0.6138
4581,191,20,Offshore A,0.5678,0.0043,0.0039,-0.0355,-0.0679,0.0817,0.3083
4581,191,20,Tensorburg,0.5279,-0.0009,-0.0007,-0.1643,0.0976,0.1922,0.974
4581,191,20,Sparseville,0.5053,-0.0026,-0.0029,-0.2169,-0.0201,0.2216,1.3107
4582,191,21,Sparseville,0.5859,-0.0047,-0.0051,-0.3697,0.095,0.394,9.3025
4582,191,21,Tensorburg,0.6152,0.0023,0.0028,-0.1381,0.0449,0.1454,0.5883
4582,191,21,ReLU Ridge,0.6179,0.0048,0.0051,-0.1743,0.0265,0.1768,0.8024
4582,191,21,Bayes Bay,0.6194,0.0049,0.0053,-0.1142,0.0724,0.1361,0.5328
4582,191,21,Gradient Grove,0.6179,0.0035,0.0038,-0.1359,-0.0181,0.1372,0.5415
4582,191,21,Offshore A,0.6334,0.0059,0.007,-0.0462,-0.0161,0.0493,0.2253
4582,191,21,GANopolis,0.6113,-0.0023,-0.0028,-0.16,-0.0863,0.1907,1.1092
4582,191,21,Offshore B,0.5677,-0.0016,-0.002,-0.1883,0.1934,0.2749,2.2207
4583,191,22,Bayes Bay,0.7312,0.0025,0.0029,-0.1093,0.023,0.1124,0.4184
4583,191,22,Offshore B,0.6887,-0.0016,-0.002,-0.2395,0.182,0.3044,3.1087
4583,191,22,Offshore A,0.7113,0.0068,0.0083,-0.0194,0.0044,0.0203,0.1663
4583,191,22,Gradient Grove,0.7173,0.0039,0.0046,-0.1086,-0.0149,0.1098,0.4128
4583,191,22,ReLU Ridge,0.7149,0.0034,0.0041,-0.1405,0.0488,0.1489,0.6045
4583,191,22,GANopolis,0.7088,-0.0001,-0.0012,-0.2477,-0.1566,0.3017,3.0412
4583,191,22,Sparseville,0.6946,-0.0022,-0.0025,-0.2612,0.1368,0.2962,2.9541
4583,191,22,Tensorburg,0.7229,0.0036,0.0041,-0.0883,0.0383,0.0964,0.3574
4584,191,23,Gradient Grove,0.8271,0.0028,0.0039,-0.0789,-0.0097,0.0796,0.3025
4584,191,23,GANopolis,0.8221,0.0006,-0.0009,-0.198,-0.0604,0.2071,1.0916
4584,191,23,Offshore A,0.804,0.0059,0.0074,-0.0026,0.0082,0.0122,0.1531
4584,191,23,Bayes Bay,0.8314,0.0004,0.0017,-0.1135,-0.0073,0.1138,0.4242
4584,191,23,Sparseville,0.7877,0.002,0.0018,-0.2175,0.0533,0.2252,1.3348
4584,191,23,Offshore B,0.7326,-0.0008,-0.0013,-0.3582,0.2007,0.4112,8.8143
4584,191,23,Tensorburg,0.8232,0.0029,0.003,-0.058,0.03,0.0657,0.2619
4584,191,23,ReLU Ridge,0.8322,0.0009,0.002,-0.1102,0.0368,0.1163,0.4375
4585,192,0,ReLU Ridge,0.9041,-0.0007,0.001,-0.0774,0.0152,0.0791,0.2997
4585,192,0,Sparseville,0.8922,0.0026,0.0028,-0.1792,0.0108,0.1798,0.8379
4585,192,0,Offshore B,0.7742,-0.0026,-0.0032,-0.4532,0.1162,0.4695,15.804
4585,192,0,GANopolis,0.8954,-0.0017,-0.003,-0.196,-0.0177,0.1973,0.9909
4585,192,0,Offshore A,0.8668,0.0036,0.0047,0.0072,0.0008,0.0079,0.1465
4585,192,0,Gradient Grove,0.8996,0.002,0.003,-0.0591,0.0026,0.0592,0.2452
4585,192,0,Bayes Bay,0.9138,0.001,0.0029,-0.0967,-0.0188,0.0986,0.3644
4585,192,0,Tensorburg,0.9098,0.0019,0.0015,-0.0515,0.0031,0.0539,0.2325
4586,192,1,Offshore B,0.8254,-0.0043,-0.005,-0.4365,-0.0645,0.4428,13.1342
4586,192,1,Tensorburg,0.9736,0.0018,0.0009,-0.0414,-0.0442,0.0611,0.251
4586,192,1,ReLU Ridge,0.9713,-0.0004,0.0013,-0.0635,0.0064,0.0639,0.2569
4586,192,1,Bayes Bay,0.9809,0.0046,0.0066,-0.0884,-0.0265,0.0924,0.3424
4586,192,1,Gradient Grove,0.9723,0.0003,0.0013,-0.0633,0.0051,0.0636,0.256
4586,192,1,GANopolis,0.9768,-0.0053,-0.006,-0.1717,0.0199,0.1737,0.7907
4586,192,1,Offshore A,0.9311,0.0014,0.0021,0.0086,0.0037,0.0125,0.1536
4586,192,1,Sparseville,0.9625,0.0041,0.0045,-0.1486,0.0076,0.1488,0.6068
4587,192,2,Tensorburg,1.0236,0.0009,-0.0003,0.004,0.0026,0.0236,0.1726
4587,192,2,ReLU Ridge,1.016,0.0011,0.0024,-0.0319,0.016,0.0366,0.1961
4587,192,2,GANopolis,1.0164,-0.003,-0.0029,-0.1546,-0.0351,0.1588,0.6718
4587,192,2,Gradient Grove,1.0129,0.001,0.0022,-0.0614,-0.0004,0.0615,0.2507
4587,192,2,Offshore B,0.9259,-0.0034,-0.0041,-0.3509,-0.1452,0.3821,7.0871
4587,192,2,Sparseville,1.0295,0.0053,0.0058,-0.1203,0.0091,0.1207,0.4543
4587,192,2,Bayes Bay,1.0434,0.0047,0.0062,-0.0929,-0.0221,0.0955,0.3534
4587,192,2,Offshore A,0.9659,-0.0,0.0,0.0179,0.0075,0.0199,0.1656
4588,192,3,Gradient Grove,1.0645,0.0034,0.0044,-0.0738,-0.0044,0.0741,0.2844
4588,192,3,GANopolis,1.0637,0.0052,0.0055,-0.1521,-0.0174,0.1532,0.633
4588,192,3,Tensorburg,1.0675,-0.0017,-0.0029,-0.0461,0.0424,0.0673,0.2745
4588,192,3,Sparseville,1.0712,0.003,0.003,-0.1267,0.0047,0.1269,0.4859
4588,192,3,Bayes Bay,1.0699,0.0013,0.0021,-0.0857,-0.0163,0.0873,0.3248
4588,192,3,Offshore A,1.0268,-0.0018,-0.0026,-0.0045,0.0031,0.0098,0.1494
4588,192,3,ReLU Ridge,1.0467,0.0012,0.0016,-0.006,0.02,0.0215,0.168
4588,192,3,Offshore B,1.0154,0.0001,-0.0003,-0.2428,-0.1145,0.2691,2.1274
4589,192,4,ReLU Ridge,1.0618,0.0001,0.0001,0.0109,0.0139,0.0193,0.1642
4589,192,4,Offshore B,1.0496,0.0019,0.0018,-0.1906,-0.0904,0.2114,1.1314
4589,192,4,Offshore A,1.0654,-0.0029,-0.0042,-0.0115,0.0041,0.0133,0.1547
4589,192,4,Tensorburg,1.095,-0.0041,-0.0048,-0.1448,0.0255,0.1475,0.6021
4589,192,4,Bayes Bay,1.1048,-0.0007,-0.0002,-0.0952,-0.0134,0.0962,0.3549
4589,192,4,Gradient Grove,1.0884,0.0019,0.0024,-0.0889,-0.0092,0.0894,0.3347
4589,192,4,Sparseville,1.1073,0.0003,0.0007,-0.1208,-0.0094,0.1212,0.4597
4589,192,4,GANopolis,1.1061,0.0051,0.0059,-0.1211,-0.0084,0.1214,0.463
4590,192,5,Offshore B,1.0912,0.0008,0.001,-0.1665,-0.0702,0.1812,0.8416
4590,192,5,Sparseville,1.1236,-0.0009,-0.0005,-0.1118,-0.0381,0.1191,0.4477
4590,192,5,GANopolis,1.1205,0.0037,0.0046,-0.091,-0.0123,0.092,0.3406
4590,192,5,Gradient Grove,1.1005,-0.0021,-0.0022,-0.1246,0.0135,0.1266,0.493
4590,192,5,Bayes Bay,1.1151,0.0013,0.0016,-0.1089,-0.0089,0.1093,0.4061
4590,192,5,Tensorburg,1.1042,-0.0037,-0.0035,-0.1678,0.0192,0.1689,0.7433
4590,192,5,ReLU Ridge,1.0837,0.0008,0.0007,0.0184,-0.0061,0.0216,0.1685
4590,192,5,Offshore A,1.0839,-0.0032,-0.0047,0.0246,-0.0117,0.0283,0.181
4591,192,6,ReLU Ridge,1.0757,0.0013,0.001,0.0163,-0.0279,0.0332,0.1891
4591,192,6,Offshore A,1.077,-0.0033,-0.0045,0.0578,-0.0146,0.0613,0.2531
4591,192,6,Tensorburg,1.1095,0.0009,0.0017,-0.1363,0.0134,0.1369,0.5464
4591,192,6,GANopolis,1.105,0.0032,0.0037,-0.0723,-0.0212,0.0756,0.2891
4591,192,6,Gradient Grove,1.0815,-0.0018,-0.0022,-0.1907,0.0721,0.2041,1.0648
4591,192,6,Bayes Bay,1.1123,0.0042,0.0043,-0.117,-0.008,0.1173,0.4406
4591,192,6,Sparseville,1.1083,0.0007,0.0007,-0.0622,-0.0749,0.0994,0.3701
4591,192,6,Offshore B,1.085,-0.0015,-0.0013,-0.142,-0.0564,0.153,0.6316
4592,192,7,Gradient Grove,1.0406,0.0003,-0.0001,-0.2456,0.1006,0.2657,1.9783
4592,192,7,Bayes Bay,1.0612,0.0058,0.0056,-0.1133,-0.0047,0.1134,0.4236
4592,192,7,Tensorburg,1.0628,0.0011,0.0016,-0.1104,0.0125,0.1112,0.4169
4592,192,7,Offshore A,1.0558,-0.0039,-0.0046,0.0914,-0.0558,0.1081,0.4069
4592,192,7,Sparseville,1.0596,0.0014,0.0012,-0.0471,-0.0263,0.0591,0.2462
4592,192,7,GANopolis,1.056,0.002,0.0023,-0.078,-0.0315,0.0843,0.3156
4592,192,7,Offshore B,1.0592,-0.0032,-0.0032,-0.1121,-0.0526,0.124,0.4714
4592,192,7,ReLU Ridge,1.0605,-0.0003,-0.0004,-0.0011,-0.0293,0.0319,0.1866
4593,192,8,Bayes Bay,0.9456,0.0034,0.0027,-0.1069,0.0137,0.1081,0.4017
4593,192,8,Tensorburg,0.9375,0.002,0.002,-0.0763,0.0016,0.0765,0.292
4593,192,8,Offshore A,0.9673,-0.004,-0.0043,0.0641,-0.0572,0.0892,0.3377
4593,192,8,Sparseville,0.9648,-0.0004,-0.0006,-0.1019,-0.011,0.1033,0.3834
4593,192,8,Offshore B,0.9616,-0.0034,-0.0036,-0.1069,-0.0229,0.1096,0.4068
4593,192,8,GANopolis,0.9594,0.002,0.0023,-0.0992,-0.0253,0.1025,0.3793
4593,192,8,ReLU Ridge,0.9764,0.0003,0.0004,-0.0381,0.002,0.0408,0.2043
4593,192,8,Gradient Grove,0.9571,-0.0002,-0.0005,-0.2306,0.0716,0.2419,1.5743
4594,192,9,Sparseville,0.8125,-0.0023,-0.0023,-0.0833,-0.0665,0.1086,0.4016
4594,192,9,Offshore B,0.8072,-0.0023,-0.0026,-0.1096,0.0201,0.1126,0.4251
4594,192,9,GANopolis,0.8067,0.0037,0.0039,-0.1032,-0.0012,0.104,0.3864
4594,192,9,Gradient Grove,0.8139,-0.0019,-0.002,-0.2151,0.0298,0.2186,1.2312
4594,192,9,ReLU Ridge,0.8244,0.0035,0.0034,-0.0431,0.0479,0.0662,0.2642
4594,192,9,Tensorburg,0.8054,0.005,0.0042,-0.1049,-0.0118,0.1058,0.3953
4594,192,9,Bayes Bay,0.7983,0.0006,-0.0001,-0.0891,0.0285,0.0938,0.3488
4594,192,9,Offshore A,0.8174,-0.0044,-0.0044,0.0092,-0.0827,0.0837,0.3171
4595,192,10,ReLU Ridge,0.6615,0.0043,0.0037,-0.0326,0.0998,0.1054,0.3931
4595,192,10,Offshore A,0.6562,-0.0038,-0.0039,-0.009,-0.0581,0.0596,0.2463
4595,192,10,Tensorburg,0.6574,0.0057,0.0044,-0.1717,-0.027,0.1739,0.812
4595,192,10,GANopolis,0.6485,0.0031,0.0031,-0.0735,0.0361,0.0858,0.3206
4595,192,10,Bayes Bay,0.6552,0.0007,-0.0001,-0.0808,0.0149,0.0825,0.3092
4595,192,10,Gradient Grove,0.6643,-0.0015,-0.0015,-0.2231,-0.0216,0.2246,1.3808
4595,192,10,Offshore B,0.6493,-0.001,-0.0012,-0.1231,0.074,0.1451,0.5842
4595,192,10,Sparseville,0.6473,-0.0012,-0.0011,-0.0379,-0.0956,0.1038,0.3834
4596,192,11,GANopolis,0.5292,-0.0019,-0.0023,-0.0798,0.0837,0.1161,0.4387
4596,192,11,ReLU Ridge,0.5488,0.0009,-0.0,-0.0858,0.1127,0.1441,0.578
4596,192,11,Gradient Grove,0.5569,0.0012,0.0015,-0.2909,-0.0972,0.3085,3.1509
4596,192,11,Bayes Bay,0.5303,0.0034,0.0022,-0.0496,-0.0056,0.0505,0.2277
4596,192,11,Sparseville,0.5116,0.0023,0.0023,0.0169,-0.1061,0.1088,0.404
4596,192,11,Offshore B,0.5198,-0.0027,-0.0028,-0.1184,0.1536,0.1967,0.9842
4596,192,11,Tensorburg,0.5253,0.0031,0.0018,-0.2703,-0.0461,0.2745,2.1904
4596,192,11,Offshore A,0.5456,-0.0008,-0.0011,0.0038,-0.0759,0.0766,0.2982
4597,192,12,Gradient Grove,0.4725,0.002,0.0025,-0.2292,-0.1022,0.253,1.8996
4597,192,12,GANopolis,0.4423,-0.004,-0.0045,-0.0796,0.1345,0.1586,0.669
4597,192,12,Offshore B,0.4205,-0.0038,-0.0041,-0.1587,0.2558,0.3031,2.9902
4597,192,12,Bayes Bay,0.4543,0.0024,0.0015,-0.0773,0.028,0.0879,0.3635
4597,192,12,Tensorburg,0.4586,-0.0005,-0.0015,-0.2854,-0.0718,0.2946,2.6892
4597,192,12,Offshore A,0.4699,0.0021,0.0014,-0.04,-0.1111,0.1216,0.4693
4597,192,12,Sparseville,0.4206,0.0048,0.0045,0.1148,-0.0696,0.139,0.5611
4597,192,12,ReLU Ridge,0.4752,-0.0019,-0.0028,-0.1421,0.0432,0.1528,0.6428
4598,192,13,Sparseville,0.3939,0.0024,0.0012,0.2255,0.0167,0.2339,1.5382
4598,192,13,Bayes Bay,0.4098,-0.0014,-0.0018,-0.2022,-0.0966,0.2253,1.376
4598,192,13,Tensorburg,0.4408,-0.0014,-0.0018,-0.2309,-0.0658,0.2406,1.5399
4598,192,13,ReLU Ridge,0.4331,-0.0023,-0.0028,-0.0977,0.0513,0.1174,0.448
4598,192,13,Gradient Grove,0.419,-0.0001,0.0003,-0.1051,-0.0759,0.1318,0.5767
4598,192,13,Offshore A,0.4397,0.0013,0.0004,-0.1132,0.0076,0.1508,0.6419
4598,192,13,GANopolis,0.4135,-0.0021,-0.0025,-0.083,0.2211,0.2368,1.7069
4598,192,13,Offshore B,0.4034,-0.0004,-0.0007,-0.1869,0.2432,0.3082,3.4585
4599,192,14,Offshore A,0.3948,-0.0029,-0.0036,0.1115,-0.0925,0.1662,0.7824
4599,192,14,Gradient Grove,0.3923,-0.002,-0.0022,0.0051,0.0255,0.1309,0.5194
4599,192,14,Bayes Bay,0.4421,-0.0034,-0.0032,-0.1377,-0.0588,0.1515,0.6776
4599,192,14,Sparseville,0.3847,-0.0001,-0.0021,0.2535,-0.0159,0.2556,2.6433
4599,192,14,Offshore B,0.3862,0.0026,0.0025,-0.1775,0.2242,0.2874,2.4823
4599,192,14,GANopolis,0.4124,0.0,-0.0001,-0.1778,0.2111,0.2851,2.705
4599,192,14,Tensorburg,0.437,0.0001,0.0002,-0.2262,-0.0408,0.2323,1.5222
4599,192,14,ReLU Ridge,0.4052,-0.0017,-0.0018,-0.1219,0.0372,0.13,0.5055
4600,192,15,GANopolis,0.4355,0.0008,0.0009,-0.2163,0.0616,0.2264,1.4097
4600,192,15,Gradient Grove,0.3884,-0.0019,-0.0024,0.0908,0.0197,0.2216,2.3873
4600,192,15,Bayes Bay,0.4311,-0.0011,-0.0008,-0.1251,-0.0781,0.1487,0.6143
4600,192,15,ReLU Ridge,0.4286,-0.0035,-0.0032,-0.1351,-0.0759,0.1595,0.7202
4600,192,15,Offshore A,0.3661,-0.0052,-0.0056,-0.329,-0.1665,0.3788,14.4417
4600,192,15,Tensorburg,0.4523,0.002,0.0029,-0.1611,0.0191,0.1642,0.7197
4600,192,15,Sparseville,0.3245,-0.0008,-0.0029,0.4023,-0.1607,0.5493,227.328
4600,192,15,Offshore B,0.4403,0.0004,0.0009,-0.1643,0.1991,0.2596,2.0501
4601,192,16,Offshore B,0.4122,-0.003,-0.0026,-0.2373,0.2056,0.3158,3.4871
4601,192,16,Bayes Bay,0.4811,0.0011,0.0018,-0.077,-0.0547,0.1004,0.4277
4601,192,16,Sparseville,0.3057,-0.0003,-0.0016,0.2735,-0.1113,0.4756,515.5094
4601,192,16,ReLU Ridge,0.4631,-0.0043,-0.0035,-0.1395,-0.097,0.1727,0.7929
4601,192,16,Tensorburg,0.5064,0.0015,0.0029,-0.1179,0.025,0.1222,0.4895
4601,192,16,Offshore A,0.4204,-0.0044,-0.0039,-0.3411,-0.1493,0.3747,6.6387
4601,192,16,Gradient Grove,0.3126,-0.0012,-0.0017,0.1666,0.2658,0.3588,5.9419
4601,192,16,GANopolis,0.4964,0.0012,0.0015,-0.0959,0.0006,0.0986,0.3752
4602,192,17,Offshore A,0.5472,-0.0007,0.0003,-0.2504,0.0722,0.2844,2.9718
4602,192,17,ReLU Ridge,0.5392,-0.0005,0.0006,-0.1523,-0.0911,0.1834,0.8757
4602,192,17,Tensorburg,0.497,-0.0005,0.001,-0.1002,0.0332,0.1063,0.3978
4602,192,17,Offshore B,0.4816,-0.0055,-0.0048,-0.2045,0.163,0.2624,1.925
4602,192,17,Bayes Bay,0.4609,0.0025,0.0025,0.0125,-0.0895,0.0998,0.3998
4602,192,17,Sparseville,0.3802,0.0009,-0.0002,0.008,0.1206,0.1926,1.387
4602,192,17,Gradient Grove,0.4152,-0.0001,-0.0001,0.1258,-0.1697,0.2251,1.7861
4602,192,17,GANopolis,0.5048,0.0026,0.0029,-0.0518,-0.0149,0.0604,0.2525
4603,192,18,Gradient Grove,0.4606,0.0017,0.0016,0.0023,0.03,0.1575,0.7341
4603,192,18,Offshore A,0.5428,0.0022,0.0019,-0.3758,0.2318,0.4498,20.7717
4603,192,18,GANopolis,0.4816,0.0028,0.0028,-0.0242,-0.0792,0.089,0.3337
4603,192,18,Bayes Bay,0.5137,0.0,-0.0005,-0.0031,-0.0572,0.0646,0.2869
4603,192,18,Tensorburg,0.4939,-0.0035,-0.0025,-0.0725,0.0517,0.09,0.3471
4603,192,18,ReLU Ridge,0.4893,0.0023,0.0026,-0.2212,-0.0823,0.2396,1.5254
4603,192,18,Offshore B,0.5118,-0.0054,-0.0048,-0.1037,0.1571,0.1908,0.9342
4603,192,18,Sparseville,0.4073,0.0003,-0.0001,-0.3239,0.1882,0.387,7.1725
4604,192,19,Sparseville,0.4827,-0.0002,0.0001,-0.2199,-0.0505,0.2364,1.5466
4604,192,19,Gradient Grove,0.4856,0.0005,0.0001,-0.1311,0.1176,0.1801,0.836
4604,192,19,Bayes Bay,0.431,-0.0031,-0.0035,0.2094,0.0415,0.2352,2.6684
4604,192,19,Offshore B,0.4631,-0.0043,-0.0039,-0.0321,0.1427,0.15,0.6348
4604,192,19,Offshore A,0.4796,0.0017,0.0014,-0.2279,0.1967,0.3253,5.0013
4604,192,19,GANopolis,0.4957,0.0005,0.0003,-0.1067,-0.0315,0.1147,0.4329
4604,192,19,ReLU Ridge,0.4782,0.0016,0.0017,-0.3226,0.019,0.324,4.1871
4604,192,19,Tensorburg,0.4902,-0.0051,-0.0046,-0.0604,-0.0429,0.0794,0.3113
4605,192,20,Offshore B,0.4873,-0.0018,-0.0015,0.0193,0.0653,0.0692,0.2929
4605,192,20,GANopolis,0.4627,-0.002,-0.0022,-0.1653,0.0155,0.1674,0.7471
4605,192,20,Gradient Grove,0.4969,-0.0015,-0.0018,-0.1947,0.0522,0.2059,1.0905
4605,192,20,Offshore A,0.4804,0.0003,0.0001,-0.077,0.3357,0.3522,5.2188
4605,192,20,Tensorburg,0.4337,-0.0035,-0.0036,-0.1547,-0.0911,0.1847,0.984
4605,192,20,ReLU Ridge,0.438,0.0026,0.0027,-0.326,0.0348,0.3319,3.8889
4605,192,20,Sparseville,0.4736,0.0008,0.0012,-0.0841,-0.0372,0.1005,0.4407
4605,192,20,Bayes Bay,0.4128,-0.0055,-0.0061,0.0347,-0.2186,0.2602,3.0279
4606,192,21,Offshore A,0.321,-0.0007,-0.0007,0.0322,0.348,0.3714,19.8926
4606,192,21,GANopolis,0.4821,-0.0025,-0.0025,-0.2364,-0.0144,0.2373,1.4953
4606,192,21,ReLU Ridge,0.4567,0.0034,0.0031,-0.2799,0.2015,0.3544,5.0242
4606,192,21,Tensorburg,0.4724,-0.0024,-0.003,-0.2407,-0.0205,0.2426,1.6124
4606,192,21,Offshore B,0.5142,0.0008,0.0008,-0.0669,0.0277,0.083,0.3318
4606,192,21,Bayes Bay,0.4938,-0.0057,-0.0062,0.054,-0.0861,0.1213,0.8477
4606,192,21,Gradient Grove,0.4847,-0.0005,-0.0004,-0.1867,-0.0304,0.1903,0.9704
4606,192,21,Sparseville,0.4735,0.0012,0.001,0.0522,-0.0003,0.0598,0.2512
4607,192,22,Tensorburg,0.5522,-0.0033,-0.0036,-0.1968,-0.0282,0.1995,1.0837
4607,192,22,Offshore B,0.5717,0.0008,0.0014,-0.1264,-0.0051,0.127,0.4893
4607,192,22,Bayes Bay,0.431,-0.0029,-0.0034,0.0916,0.1317,0.3123,7.1282
4607,192,22,GANopolis,0.5644,-0.0008,-0.0008,-0.2212,-0.0006,0.2217,1.2797
4607,192,22,Sparseville,0.5308,0.0005,0.0,0.1094,-0.1026,0.1514,0.639
4607,192,22,ReLU Ridge,0.5523,0.0014,0.0011,-0.1415,0.1769,0.228,1.3812
4607,192,22,Gradient Grove,0.562,0.0009,0.0008,-0.0649,-0.051,0.0852,0.3254
4607,192,22,Offshore A,0.3378,-0.0007,-0.0009,-0.3229,-0.0598,0.3647,7.0828
4608,192,23,Bayes Bay,0.5926,-0.0012,-0.0013,-0.2492,0.1159,0.2784,3.1025
4608,192,23,GANopolis,0.6537,0.0008,0.0009,-0.1423,0.0222,0.1443,0.6075
4608,192,23,Offshore A,0.6488,-0.0002,-0.001,-0.2688,-0.0108,0.2883,3.5614
4608,192,23,Gradient Grove,0.6412,-0.001,-0.0014,-0.0556,-0.0756,0.0945,0.3514
4608,192,23,Offshore B,0.6663,0.0015,0.002,-0.0857,0.0003,0.0858,0.323
4608,192,23,Sparseville,0.619,0.0015,0.0012,0.1057,-0.073,0.1316,0.5105
4608,192,23,Tensorburg,0.6165,-0.0024,-0.0022,-0.1381,-0.0309,0.1443,0.5827
4608,192,23,ReLU Ridge,0.6298,-0.0011,-0.0008,-0.1199,0.1277,0.1762,0.8189
4609,193,0,GANopolis,0.7389,0.0037,0.0037,-0.0912,0.0182,0.0933,0.347
4609,193,0,Offshore A,0.7416,-0.0017,-0.003,-0.1902,0.1112,0.2207,1.2531
4609,193,0,Sparseville,0.7486,0.003,0.003,0.0264,-0.0637,0.0743,0.2858
4609,193,0,ReLU Ridge,0.7417,-0.0009,-0.0002,-0.1168,0.0239,0.1216,0.4601
4609,193,0,Bayes Bay,0.7503,-0.0012,-0.0007,-0.129,-0.0013,0.1304,0.5043
4609,193,0,Tensorburg,0.7414,0.0005,0.0011,-0.1096,0.0488,0.1206,0.4574
4609,193,0,Gradient Grove,0.7391,-0.0031,-0.0038,-0.097,-0.0905,0.1332,0.5137
4609,193,0,Offshore B,0.7418,-0.0004,0.0005,-0.0659,-0.0012,0.0663,0.2662
4610,193,1,Tensorburg,0.82,0.0021,0.0024,-0.103,0.0647,0.122,0.463
4610,193,1,ReLU Ridge,0.8375,0.0012,0.0014,-0.1476,0.0024,0.1487,0.6062
4610,193,1,Bayes Bay,0.8212,0.0001,0.001,-0.1289,-0.019,0.1307,0.506
4610,193,1,Offshore B,0.8282,-0.0017,-0.0009,-0.0435,0.0095,0.0451,0.2125
4610,193,1,Offshore A,0.8183,-0.0042,-0.0051,-0.1815,0.0801,0.1988,0.9946
4610,193,1,Gradient Grove,0.8219,-0.0031,-0.0043,-0.1128,-0.0978,0.1498,0.6096
4610,193,1,GANopolis,0.8238,0.0038,0.0031,-0.0858,0.0097,0.0865,0.3238
4610,193,1,Sparseville,0.8235,0.0017,0.002,-0.0242,-0.0617,0.0676,0.2687
4611,193,2,GANopolis,0.9052,0.0011,-0.0,-0.056,-0.0225,0.0626,0.2542
4611,193,2,Sparseville,0.8854,-0.0009,0.0,-0.0461,-0.04,0.0622,0.2525
4611,193,2,ReLU Ridge,0.9096,0.001,0.0004,-0.1332,0.0434,0.1458,0.6025
4611,193,2,Bayes Bay,0.903,0.0031,0.0047,-0.1233,-0.0179,0.1247,0.472
4611,193,2,Offshore B,0.8924,-0.0028,-0.0021,-0.0386,0.0334,0.0515,0.2269
4611,193,2,Gradient Grove,0.9039,-0.0026,-0.0041,-0.1529,-0.0832,0.1747,0.7825
4611,193,2,Offshore A,0.8933,-0.004,-0.0039,-0.1982,0.0458,0.2035,1.0563
4611,193,2,Tensorburg,0.8985,-0.0008,-0.0008,-0.1205,0.0631,0.1364,0.5342
4612,193,3,Offshore B,0.9554,-0.0015,-0.0007,-0.0586,0.0496,0.0772,0.2936
4612,193,3,GANopolis,0.959,0.0001,-0.0005,-0.0387,-0.0491,0.0628,0.254
4612,193,3,Gradient Grove,0.9566,-0.003,-0.0042,-0.1668,-0.0598,0.1775,0.8066
4612,193,3,Sparseville,0.9469,-0.0017,-0.0009,-0.0785,-0.0122,0.0803,0.3046
4612,193,3,ReLU Ridge,0.9595,-0.0026,-0.0038,-0.1637,0.1224,0.2049,1.0657
4612,193,3,Tensorburg,0.9673,-0.0043,-0.0045,-0.1452,0.0679,0.1608,0.6836
4612,193,3,Offshore A,0.9636,-0.0002,0.0008,-0.1569,0.0279,0.1594,0.6865
4612,193,3,Bayes Bay,0.9775,0.0063,0.0082,-0.1147,-0.0101,0.1151,0.4305
4613,193,4,Sparseville,0.9881,-0.0014,-0.0012,-0.0906,0.0069,0.0909,0.3377
4613,193,4,Offshore A,1.0261,0.0031,0.0048,-0.1274,0.0175,0.1287,0.4953
4613,193,4,Bayes Bay,1.0214,0.0069,0.0087,-0.0925,-0.0009,0.0926,0.3431
4613,193,4,ReLU Ridge,1.0147,-0.0041,-0.0051,-0.1517,0.0741,0.1696,0.7504
4613,193,4,Tensorburg,1.009,-0.0057,-0.0061,-0.152,0.0475,0.1597,0.678
4613,193,4,Gradient Grove,1.0056,-0.0033,-0.0036,-0.1747,-0.0457,0.1807,0.8321
4613,193,4,Offshore B,1.0022,0.0015,0.0022,-0.0728,0.0349,0.0812,0.3062
4613,193,4,GANopolis,1.01,0.0002,-0.0002,-0.0693,-0.0306,0.0766,0.292
4614,193,5,GANopolis,1.0362,-0.001,-0.0016,-0.0929,-0.0302,0.098,0.363
4614,193,5,Tensorburg,1.0319,-0.0027,-0.0029,-0.1479,0.0091,0.1485,0.6019
4614,193,5,ReLU Ridge,1.0327,-0.0013,-0.0019,-0.1611,0.0294,0.164,0.7073
4614,193,5,Offshore A,1.0506,0.0048,0.0068,-0.0958,0.0103,0.0964,0.3592
4614,193,5,Sparseville,1.0438,-0.0026,-0.0029,-0.1223,0.0131,0.1233,0.4732
4614,193,5,Bayes Bay,1.0381,0.0064,0.0078,-0.107,0.0144,0.108,0.4005
4614,193,5,Offshore B,1.0218,0.0021,0.0023,-0.0734,0.0382,0.0829,0.317
4614,193,5,Gradient Grove,1.0324,-0.001,-0.0008,-0.1533,-0.0303,0.1563,0.657
4615,193,6,Sparseville,1.0412,-0.0052,-0.0058,-0.1533,0.0571,0.1637,0.705
4615,193,6,Offshore A,1.0647,0.0069,0.0085,-0.0817,0.005,0.0819,0.3085
4615,193,6,Gradient Grove,1.0517,0.0026,0.0029,-0.1402,-0.0234,0.1422,0.5657
4615,193,6,Offshore B,1.0416,-0.0016,-0.0019,-0.1685,0.11,0.202,1.1002
4615,193,6,Bayes Bay,1.0536,0.0059,0.0067,-0.1001,0.0145,0.1012,0.3743
4615,193,6,GANopolis,1.0492,-0.0025,-0.0029,-0.1277,-0.0588,0.1408,0.5586
4615,193,6,ReLU Ridge,1.0375,0.0037,0.0036,-0.1744,0.0134,0.1749,0.7944
4615,193,6,Tensorburg,1.0473,0.002,0.0024,-0.1307,0.0069,0.1311,0.5047
4616,193,7,GANopolis,1.0576,-0.0015,-0.0019,-0.1431,-0.0641,0.157,0.6566
4616,193,7,Gradient Grove,1.0478,0.0044,0.0048,-0.1133,-0.0131,0.1141,0.4276
4616,193,7,Sparseville,1.042,-0.0044,-0.0047,-0.1696,0.0415,0.1749,0.7928
4616,193,7,ReLU Ridge,1.0467,0.0057,0.0061,-0.152,0.0145,0.1528,0.6316
4616,193,7,Offshore B,0.9989,-0.0036,-0.004,-0.2793,0.1704,0.3287,3.9416
4616,193,7,Tensorburg,1.0446,0.0043,0.0046,-0.1169,0.0083,0.1172,0.4397
4616,193,7,Bayes Bay,1.0415,0.004,0.0042,-0.1153,0.016,0.1165,0.4373
4616,193,7,Offshore A,1.0475,0.0082,0.0091,-0.0571,0.0035,0.0574,0.2414
4617,193,8,Tensorburg,0.9944,0.0042,0.0044,-0.0953,-0.0057,0.0956,0.3539
4617,193,8,Offshore B,0.9276,-0.0024,-0.0028,-0.3526,0.1223,0.3739,5.8891
4617,193,8,GANopolis,1.011,-0.0004,-0.0006,-0.1397,-0.0355,0.1445,0.5875
4617,193,8,Gradient Grove,0.9908,0.004,0.0042,-0.0905,-0.0076,0.0909,0.3401
4617,193,8,Offshore A,0.9782,0.0076,0.0079,-0.0434,0.0134,0.0457,0.2148
4617,193,8,Bayes Bay,0.9901,0.0016,0.0019,-0.1286,0.0101,0.1291,0.4968
4617,193,8,Sparseville,0.9952,0.0003,0.0001,-0.1604,0.016,0.1617,0.6872
4617,193,8,ReLU Ridge,0.9921,0.0018,0.0018,-0.1058,0.0168,0.1073,0.4013
4618,193,9,Offshore A,0.8847,0.0055,0.0054,-0.0819,0.0001,0.0822,0.3129
4618,193,9,Sparseville,0.8929,0.0023,0.0022,-0.1647,-0.0119,0.1653,0.7178
4618,193,9,Gradient Grove,0.8848,0.0031,0.0029,-0.1008,0.0008,0.1009,0.3737
4618,193,9,GANopolis,0.9172,-0.0011,-0.0009,-0.0941,0.001,0.0943,0.3528
4618,193,9,Offshore B,0.8445,-0.0031,-0.0033,-0.3741,0.0486,0.3778,6.5991
4618,193,9,Tensorburg,0.8905,0.0026,0.0028,-0.105,-0.0297,0.1092,0.406
4618,193,9,ReLU Ridge,0.875,0.0003,0.0001,-0.0658,0.0028,0.0664,0.2645
4618,193,9,Bayes Bay,0.8754,0.0015,0.0016,-0.1242,0.0217,0.1262,0.4864
4619,193,10,Tensorburg,0.7398,0.0017,0.002,-0.1033,-0.0468,0.114,0.4239
4619,193,10,Bayes Bay,0.7307,0.0043,0.0039,-0.1074,0.0434,0.1166,0.4386
4619,193,10,ReLU Ridge,0.7301,-0.0005,-0.0012,-0.0788,-0.0308,0.0853,0.3198
4619,193,10,Offshore A,0.7372,0.0028,0.0026,-0.1633,-0.0126,0.1639,0.7316
4619,193,10,Gradient Grove,0.7259,0.0017,0.0015,-0.1433,0.0085,0.1436,0.5793
4619,193,10,GANopolis,0.7431,-0.004,-0.0033,-0.0324,0.0134,0.0374,0.1993
4619,193,10,Offshore B,0.7167,-0.005,-0.0052,-0.4114,-0.0175,0.4127,9.3135
4619,193,10,Sparseville,0.7526,0.0031,0.0029,-0.1568,-0.0195,0.1581,0.6689
4620,193,11,Bayes Bay,0.5843,0.0055,0.0043,-0.1224,0.0913,0.1534,0.6432
4620,193,11,Offshore B,0.5759,-0.0053,-0.0053,-0.4137,-0.1379,0.439,11.4365
4620,193,11,Sparseville,0.5927,0.0045,0.0038,-0.1752,-0.0285,0.1778,0.8166
4620,193,11,Gradient Grove,0.5827,0.0022,0.0022,-0.1476,0.014,0.1484,0.6025
4620,193,11,GANopolis,0.5841,-0.005,-0.0044,0.0227,0.0222,0.0358,0.1953
4620,193,11,Tensorburg,0.5928,0.0005,0.0008,-0.0701,-0.0864,0.1125,0.4197
4620,193,11,ReLU Ridge,0.5962,0.0002,-0.001,-0.1113,-0.0363,0.1181,0.4455
4620,193,11,Offshore A,0.591,0.0009,0.0007,-0.251,0.0021,0.2512,1.7991
4621,193,12,Gradient Grove,0.4742,0.0045,0.0045,-0.1114,0.0138,0.1123,0.4199
4621,193,12,Offshore A,0.4872,-0.0014,-0.0012,-0.2467,0.011,0.247,1.6403
4621,193,12,Bayes Bay,0.4648,0.0024,0.0012,-0.1841,0.1111,0.2165,1.2099
4621,193,12,Sparseville,0.4862,0.0034,0.0028,-0.1584,-0.0641,0.1725,0.7748
4621,193,12,GANopolis,0.442,0.0032,0.003,0.0751,0.0231,0.0787,0.3002
4621,193,12,Tensorburg,0.47,-0.0023,-0.0021,-0.0332,-0.1173,0.1227,0.4667
4621,193,12,Offshore B,0.444,-0.0022,-0.0022,-0.3923,-0.1659,0.4277,11.127
4621,193,12,ReLU Ridge,0.47,0.0006,-0.0005,-0.1735,-0.0228,0.1755,0.8242
4622,193,13,ReLU Ridge,0.3931,0.0005,0.0003,-0.2346,-0.0496,0.2402,1.5421
4622,193,13,Gradient Grove,0.401,0.0038,0.0034,-0.0804,0.0303,0.0892,0.3326
4622,193,13,Offshore B,0.3674,0.0014,0.0016,-0.3192,-0.1138,0.3449,6.4361
4622,193,13,Tensorburg,0.4115,-0.0049,-0.0048,-0.018,-0.1005,0.1075,0.4023
4622,193,13,Sparseville,0.4362,0.0011,0.0007,-0.1228,-0.1206,0.1732,0.7706
4622,193,13,GANopolis,0.3915,0.0046,0.0036,0.0319,0.0015,0.0401,0.2054
4622,193,13,Bayes Bay,0.3791,-0.0006,-0.0013,-0.3001,0.0937,0.3165,3.5975
4622,193,13,Offshore A,0.4345,-0.0032,-0.0022,-0.1909,0.0182,0.1919,0.9955
4623,193,14,Offshore B,0.3707,0.0016,0.0016,-0.2078,-0.1472,0.287,3.2469
4623,193,14,ReLU Ridge,0.4153,0.0014,0.002,-0.1892,-0.0102,0.1927,0.9642
4623,193,14,Offshore A,0.4429,-0.0035,-0.0017,-0.1134,0.0338,0.119,0.4733
4623,193,14,Gradient Grove,0.3655,-0.0018,-0.0025,-0.0445,0.1133,0.1268,0.572
4623,193,14,Bayes Bay,0.4076,0.0002,-0.0003,-0.1717,-0.3144,0.3737,7.7015
4623,193,14,Sparseville,0.4334,-0.0007,-0.0012,-0.1602,-0.1557,0.2246,1.3365
4623,193,14,GANopolis,0.3991,0.0037,0.0025,-0.1617,0.016,0.1718,1.0312
4623,193,14,Tensorburg,0.4176,-0.005,-0.005,-0.1257,-0.0319,0.1317,0.5768
4624,193,15,Sparseville,0.4299,-0.0002,-0.0008,-0.1749,-0.2071,0.2725,2.1902
4624,193,15,Tensorburg,0.3858,-0.0003,-0.0005,-0.2205,-0.0711,0.2369,1.5889
4624,193,15,Offshore B,0.3642,-0.0005,-0.0009,0.1479,-0.171,0.3169,7.6536
4624,193,15,Offshore A,0.4661,-0.0031,-0.0011,-0.0729,0.0369,0.0822,0.3181
4624,193,15,ReLU Ridge,0.4567,0.0024,0.0035,-0.119,0.0286,0.1239,0.4793
4624,193,15,GANopolis,0.4071,0.0029,0.0016,-0.2563,-0.0521,0.2681,2.1306
4624,193,15,Bayes Bay,0.3619,0.0021,0.0013,0.0114,-0.3984,0.4082,18.4487
4624,193,15,Gradient Grove,0.4298,-0.004,-0.0046,-0.1478,0.1021,0.1938,0.9927
4625,193,16,Gradient Grove,0.4158,-0.0017,-0.002,-0.2324,0.2129,0.3217,4.2859
4625,193,16,Bayes Bay,0.3622,0.0033,0.0018,0.1451,-0.227,0.2783,2.7409
4625,193,16,ReLU Ridge,0.465,0.001,0.002,-0.0762,0.0506,0.0935,0.3473
4625,193,16,GANopolis,0.3834,0.0021,0.0011,-0.3824,0.0228,0.3912,7.74
4625,193,16,Sparseville,0.463,0.0006,0.0002,-0.204,-0.1557,0.2585,1.8727
4625,193,16,Tensorburg,0.3403,0.0018,0.0008,-0.3745,0.1748,0.4193,25.588
4625,193,16,Offshore A,0.4623,-0.0036,-0.0018,-0.0508,0.0381,0.0653,0.265
4625,193,16,Offshore B,0.3954,-0.0032,-0.0041,0.252,-0.0994,0.3193,4.7921
4626,193,17,Offshore B,0.4429,-0.0042,-0.005,0.2146,0.0384,0.2467,4.2419
4626,193,17,Bayes Bay,0.3545,0.0013,-0.0008,0.2875,-0.1117,0.3203,4.0042
4626,193,17,ReLU Ridge,0.4675,-0.0001,0.0004,-0.0294,0.0828,0.0894,0.3334
4626,193,17,Sparseville,0.4548,-0.0004,-0.0005,-0.1678,-0.1461,0.2229,1.3319
4626,193,17,GANopolis,0.4014,0.0022,0.0019,-0.3145,-0.0602,0.3316,4.4145
4626,193,17,Tensorburg,0.3144,0.001,-0.0005,-0.4395,0.3053,0.539,75.4923
4626,193,17,Offshore A,0.4728,-0.0041,-0.0029,-0.0492,0.0074,0.0542,0.2372
4626,193,17,Gradient Grove,0.436,-0.0003,-0.0003,-0.2555,0.151,0.3008,3.0739
4627,193,18,ReLU Ridge,0.4309,0.0018,0.0017,0.0254,0.1347,0.1395,0.5671
4627,193,18,Offshore A,0.4348,-0.0044,-0.0037,-0.0175,-0.0024,0.0311,0.1858
4627,193,18,Tensorburg,0.2607,0.0028,0.0012,-0.1822,-0.4927,0.5621,147.275
4627,193,18,Offshore B,0.4383,-0.0035,-0.004,0.139,0.1243,0.2227,1.4808
4627,193,18,Bayes Bay,0.3902,-0.0007,-0.0024,0.3156,0.1616,0.3864,7.9131
4627,193,18,Sparseville,0.4324,-0.0025,-0.0023,-0.0931,-0.1693,0.1972,0.9876
4627,193,18,GANopolis,0.4064,0.0041,0.0041,-0.2022,0.0635,0.2152,1.2866
4627,193,18,Gradient Grove,0.4387,-0.0017,-0.0014,-0.0657,0.0896,0.1168,0.494
4628,193,19,GANopolis,0.426,0.0047,0.0047,-0.0796,0.062,0.1071,0.4424
4628,193,19,Bayes Bay,0.4359,-0.0002,-0.001,0.0464,-0.1578,0.1951,1.2524
4628,193,19,Offshore A,0.4111,-0.0046,-0.0044,-0.0057,-0.0428,0.0559,0.2477
4628,193,19,Sparseville,0.3746,-0.0024,-0.0022,-0.0034,-0.2263,0.2275,1.3595
4628,193,19,Offshore B,0.3712,-0.0019,-0.0023,0.1613,-0.0551,0.2209,2.7065
4628,193,19,Tensorburg,0.2294,0.0039,0.0025,-0.3512,-0.0212,0.3732,33.7027
4628,193,19,Gradient Grove,0.4118,-0.0024,-0.0023,-0.13,0.0438,0.1419,0.5957
4628,193,19,ReLU Ridge,0.4178,0.0031,0.0024,0.0089,0.1513,0.1637,0.7271
4629,193,20,Offshore B,0.3455,-0.0027,-0.003,-0.2053,-0.2273,0.3137,3.3601
4629,193,20,Gradient Grove,0.3932,-0.0004,-0.0005,-0.1239,0.0818,0.1511,0.6329
4629,193,20,GANopolis,0.3853,-0.0004,-0.0006,0.0186,0.0891,0.0994,0.3905
4629,193,20,Offshore A,0.3774,-0.0027,-0.0029,0.0099,-0.0832,0.0936,0.3572
4629,193,20,Sparseville,0.4103,0.0003,0.0002,-0.0625,-0.1637,0.1783,0.8589
4629,193,20,ReLU Ridge,0.4004,0.0005,-0.0002,-0.0568,0.0904,0.1233,0.4787
4629,193,20,Tensorburg,0.3618,0.0029,0.0019,-0.3455,-0.2148,0.4704,27.7089
4629,193,20,Bayes Bay,0.3061,0.0016,0.0011,0.1269,-0.2475,0.4397,29.0853
4630,193,21,Offshore A,0.3935,-0.0001,-0.0004,-0.0108,-0.0649,0.0685,0.2762
4630,193,21,Tensorburg,0.3985,-0.0003,-0.0005,-0.0019,-0.1173,0.1339,1.1538
4630,193,21,GANopolis,0.3826,-0.0052,-0.0055,-0.0313,0.0733,0.0961,0.3635
4630,193,21,Offshore B,0.3787,-0.0046,-0.0048,-0.3118,-0.0743,0.3209,3.6769
4630,193,21,Gradient Grove,0.3959,0.0018,0.0015,-0.1659,0.0489,0.1758,0.8122
4630,193,21,ReLU Ridge,0.3915,-0.0025,-0.0028,-0.249,-0.0819,0.2665,2.3328
4630,193,21,Sparseville,0.3746,0.004,0.004,-0.1275,-0.1713,0.2192,1.2583
4630,193,21,Bayes Bay,0.3345,0.0018,0.0014,0.3487,0.0882,0.3635,6.0867
4631,193,22,Bayes Bay,0.4287,-0.0009,-0.0015,0.1354,-0.055,0.1468,0.6436
4631,193,22,Sparseville,0.4532,0.0037,0.0039,-0.1686,-0.0625,0.1812,0.836
4631,193,22,ReLU Ridge,0.4046,-0.0034,-0.0034,-0.3371,0.0164,0.3393,4.2618
4631,193,22,Gradient Grove,0.4092,0.0007,0.0004,-0.2243,-0.0174,0.2271,1.4069
4631,193,22,Tensorburg,0.4263,-0.0016,-0.0014,0.0352,-0.0063,0.0454,0.2338
4631,193,22,Offshore B,0.4095,-0.0025,-0.0025,-0.2245,-0.1201,0.2555,1.8374
4631,193,22,GANopolis,0.3922,-0.0042,-0.0045,-0.0732,0.0968,0.133,0.5254
4631,193,22,Offshore A,0.3945,0.0006,0.0003,-0.0159,-0.1272,0.1354,0.5465
4632,193,23,Offshore B,0.5075,0.0021,0.0022,-0.1541,-0.1248,0.199,1.0562
4632,193,23,Bayes Bay,0.4714,-0.0041,-0.0045,0.1889,-0.0456,0.195,0.9674
4632,193,23,Gradient Grove,0.4876,-0.0017,-0.0019,-0.2303,-0.0848,0.2458,1.6699
4632,193,23,ReLU Ridge,0.4913,-0.0026,-0.0029,-0.2473,-0.0309,0.2618,2.2643
4632,193,23,Sparseville,0.5347,-0.0011,-0.0006,-0.1534,-0.0004,0.1544,0.65
4632,193,23,Offshore A,0.5102,-0.0027,-0.0028,0.0629,0.0824,0.1403,0.5625
4632,193,23,GANopolis,0.494,-0.0015,-0.0017,-0.0942,0.1472,0.1882,0.9717
4632,193,23,Tensorburg,0.4669,-0.0007,-0.0006,0.0959,-0.0099,0.0982,0.3729
